address,suburb,latitude,longitude,charger_name
17-21 Cardigan Street,carlton,-37.8004228,144.9684343,
100 St Kilda Rd,southbank,-37.8253618,144.9640203,
30 Prohasky Street,port melbourne,-37.8333613,144.9219203,
Clarendon Street,south melbourne,-37.83344,144.9570533,
13 Stanton St,abbotsford,-37.8045508,144.9988542,
Swan Street,richmond,-37.80745,144.9907213,
Church Street,melbourne,-37.8142454,144.9631732,
Plumber Street,fishermans bend,-37.8245644,144.922933,
Barkly Street,brunswick,-37.7664715,144.9613103,
4 -6 Cross St,brunswick east,-37.7688802,144.9776825,
66-68 The Parade,ascot vale,-37.7753252,144.921825,
Moonee Ponds,,-37.8688729,145.2126338,
14 - 16 Hall St,moonee ponds,-37.765935,144.9192614,
164 Carlisle Street,st kilda,-37.8638261,144.981637,
Falmouth Street,hawthorn,-37.8244246,145.0317207,
290 Glenferrie Road,malvern,-37.8576088,145.0350666,
122 Wattletree Rd,armadale,-37.8563442,145.0193207,
90 Bell Street,coburg,-37.7449752,144.9643314,
793 Burke Road,camberwell,-37.8384623,145.0740767,
880 Dandenong Rd,malvern east,-37.876835,145.0658739,
301-307 Nepean Hwy,brighton east,-37.9171728,145.0163663,
145 Studley Road,heidelberg,-37.7524788,145.0701284,
11 Boundary Road,coburg north,-37.7272635,144.9678538,
563 Pascoe Vale Road,oak park,-37.7180181,144.9215041,
47 Willansby Ave,brighton,-37.9081962,144.9957991,
Grieve Parade,altona,-37.8671503,144.8294637,
99 Jukes Road,fawkner,-37.7146535,144.9605402,
29-35 Louis St,airport west,-37.7222576,144.8834942,
Dandenong Road,chadstone,-37.8822799,145.1001365,
Camp Road,campbellfield,-37.6641298,144.959583,
1 Horsburgh Drive,altona north,-37.8378229,144.8342853,
Bridge Street,hampton,-37.9381127,145.0014764,
Ailsa Street,box hill south,-37.8366236,145.1233644,
Fitzgerald Road,sunshine west,-37.7983442,144.8110919,
80 Taylors Road,keilor downs,-37.7205762,144.8047614,
Huntingdale Road,oakleigh south,-37.9248257,145.0921745,
76 Royal Ave,sandringham,-37.9502592,145.0043868,
Bay Road,cheltenham,-37.9670081,145.0546951,
19 Graduate Drive,bundoora,-37.6982468,145.0596757,
25 Main St,greensborough,-37.7037383,145.1079105,
Pacific Way,forest hill,-37.8362738,145.1690911,
28-72 Neale Road,deer park,-37.7686602,144.7713077,
354a Robinsons Rd,derrimut,-37.7987978,144.776051,
Balcolme Road,black rock,-37.9706564,145.0212822,
1 Scanlon Drive,epping,-37.6523847,145.0315487,
40 Brougham Street,eltham,-37.713736,145.147673,
235 Springvale Rd,glen waverley,-37.8795908,145.1622405,
274 Diamond Creek Road,diamond creek,-37.6733272,145.1588075,
Ballarat Road,caroline springs,-37.7340623,144.7370017,
410 Melton Highway,taylor lakes,,,
399 Melton Highway,sydenham,-37.6997223,144.7653295,
Dunnings Road,point cook,-37.9064862,144.7533059,
,ringwood,-37.8158726,145.2291113,
200 James Mirams Drive,roxburgh park,-37.6381563,144.9353302,
Princes Highway,sandown,-37.9503548,145.1665966,
83 Leakes Rd,tarneit,-37.8321522,144.69462,
Bay Trail,moordialloc,-38.0102322,145.0929673,
cnr Fulham Road & Stud Road,rowville,-37.9239267,145.2447672,
45 Princes Highway,werribee,-37.907984,144.6416748,
4 - 16 Devon Street,croydon,-37.7955004,145.2801507,
Cheltenham Road,keysborough,-38.0053607,145.1674069,
11/19 Trillium Boulevard,mickleham,-37.5344793,144.9120372,
Heatherton Rd & Stud Rd,dandenong north,-37.9558319,145.2143234,
Heatherton Road,dandenong,-37.98749,145.2147923,
Canterbury & Gatwick Road,kilsyth south,-37.8315054,145.3110008,
1 Swansea Rd,chelsea,-38.0497386,145.121407,
Fletcher Street,chirnside park,-37.9047634,144.6530424,
Shipwright Parade,harpley,-37.9110402,144.6113082,
27 Gap Road,sunbury,-37.5791363,144.7279832,
Cnr Astley Dr and Bridge Rd,cobblebank,-37.7125512,144.6040773,
460 - 462 Maroondah Highway,lilydale,-37.7571582,145.3458656,
179-253 Exford Road,weir views,-37.7323715,144.5708942,
1066 Frankston - Dandenong Rd,carrum downs,-38.1003312,145.1788657,
74A Church St,whittlesea,-37.5121301,145.1177321,
75S Lynbrook Boulevard,lynbrook,-38.0558639,145.2561128,
15 Beach Street,frankston,-38.150925,145.142239,
45 Bell St,yarra glen,-37.6573475,145.3743964,
South Gippsland Highway,cranbourne,-38.0997308,145.2807256,
1/3 St Huberts Road,coldstream,-37.7291014,145.378424,
Cranbourne-Frankston Road,cranbourne west,-38.102241,145.2517182,
Clyde Road,berwick,-38.0398297,145.3451089,
85 High Street,wallan,-37.5040691,145.1090152,
Matterhorn Drive ,clyde north,-38.1028681,145.3302814,
Cromwell Street,mornington,-38.227699,145.0609375,
Healsville - Yarra Glen Road,healsville,-37.6635261,145.4817549,
30 Peninsula Drive,curlewis,-37.8148997,145.1062282,
Victoria Street,macedon,-37.7726251,145.1131159,
50 Learmonth Street,queenscliff,-38.3363033,144.7453366,
Park Road,yarra junction,-37.7821693,145.6150255,
12 Sydney Street,kilmore,-37.6750485,144.9242188,
470-510 Princes Highway,corio,-37.9623312,145.1346687,
34 King Street,hastings,-38.3056058,145.1859934,
Grubb Rd,ocean grove,-38.170954,145.0972517,
Cnr Weir St & Point Nepean Road,rye,-38.3821684,144.8099264,
124 High Street,woodend,-37.7934621,144.5595902,
Weddell Road,geelong west,-37.8054508,144.879879,
4/100 Barwon Terrace,geelong,-37.8396934,145.008539,
113 High Street,broadford,-37.6362329,145.0265708,
8 Lewalan Street,grovedale,-37.8171289,145.0949242,
Province Blvd,highton,-37.8163364,145.0687942,
46 Central Boulevard,armstrong creek,-37.6289691,145.8640385,
Albert Street,trentham,-37.7000743,144.8908894,
33 Cook St,flinders,-38.473312,145.0187057,
High Street,bannockburn,-37.732231,145.1014989,
Chapel Street,cowes,-37.7092585,144.7872516,
1 Hutton Street,kyneton,-37.718862,145.0231115,
12 Wallace St,meredith,-37.7657176,145.1589446,
10 High St,yea,-37.4927455,145.1572676,
69 Anzac Ave,seymour,-38.0021533,145.0974829,
76 Vincent St,daylesford,-37.627671,145.0254821,
1 Mineral Springs Reserve Road,hepburn springs,-37.7481414,144.739508,
Queen Street,warragul,-37.6694522,144.9350241,
8 - 10 Webster Street,alexandra,-37.8212422,144.9736634,
6572 Maroondah Highway,yarck,-37.5772947,144.7161349,
Davies Street,ballarat,-37.8050281,144.9457629,
126 High Street ,heathcote,-37.7326399,144.733868,
Midland Highway,sebastopol,-37.8709314,145.0193037,
Jones Street,avenel,-37.8958126,144.6304628,
41-43 Albert Street,creswick,-37.8191777,145.0167539,
33 Forest St,castlemaine,-37.6303914,145.0273223,
7 High Street,harcourt,-37.8374349,145.1115353,
Pern Lane,leongatha,-38.1199326,145.3182716,
15 Mountjoy Parade,lorne,-37.6734151,145.0272333,
Lloyd Street,moe,-37.6132253,145.0980154,
Condon Street,bendigo,-37.720574,145.047976,
46 Kirkland Ave,euroa,-37.7639651,144.8287004,
144-158 Bromfield Street,colac,-38.0761008,145.1472438,
Station St,maryborough,-37.850401,144.5882783,
32 High Street,marong,-37.793821,144.5506713,
Station Road,foster,-37.5902461,144.9342136,
19 Willoby St,beaufort,-38.0067519,145.1779706,
Cnr Burke St & Wimmera Hwy,newbridge,-37.9715559,145.124582,
104 Hogan St,tatura,-38.1379689,145.1628252,
Davis St & George Street,heyfield,-37.8237397,144.7132186,
"77 Midland Hwy,",mooroopna,-37.7852115,144.5605697,
"8 Fraser St, ",shepparton,-37.7884948,144.5582739,
2 Bath Street,camperdown,-37.764834,144.8219857,
Denny Street,benalla,-37.8059585,144.9432551,
Storm Lane,inglewood,-37.7924237,144.5498933,
156 Grant Street,yarram,-38.1353489,145.1666795,
4 Purdy Ln,maffra,-37.6601922,144.9408062,
Canal Road,sale,-37.87076,145.65249,
438 High Street,echuca,-37.7821653,144.5503709,
62 High St,ararat,-38.0625563,145.5506248,
67 High St,wedderburn,-37.7917062,144.5494853,
Golden Street,st arnaud,-37.792199,144.5486025,
2 - 6 Docker St,wangaratta,-37.787905,144.5592084,
4994 Great Alpine RD,ovens,-37.8119107,144.8154073,
Skene Street,stawell,-38.1087492,145.2895959,
6619 Great Alpine Road,porepunkah,-37.5979507,145.0753657,
24 Wills St,bright,-37.6245646,145.0136597,
6 - 12 Hovell Street,yarrawonga,-37.9133914,145.1301259,
83 Wills St,dunkeld,-37.766817,144.8245105,
King George St,cohuna,-37.7062908,144.8039161,
Tongio Road,omeo,-37.8800365,144.6170498,
Fairview Street,wycheproof,-37.5432106,145.0085889,
1 -3 Albert St,kerang,-37.7200123,145.0271063,
5-13 Havelock Street,wodonga,-37.6755673,144.9898056,
Scoresby Street,hamilton,-37.8758579,145.1284529,
Stanley Street,albury,-37.5442344,145.0076408,
422 Wagga Road,lavington,-37.603329,144.9253134,
126 Baillie St,horsham,-38.102184,145.2949057,
Powell Street,jerilderie,-38.0097571,145.326648,
18 - 20 Woolcock Street,warracknabeal,-37.7853138,144.5406661,
Henty Street,portland,-37.9359053,145.2051222,
Lochiel Street,dimboola,-37.6804576,144.9123982,
Wolseley Street,orbost,-37.8379885,145.2121845,
Swift Street,holbrook,-37.7702694,144.9361781,
73 Greenham St,dartmoor,-37.705345,144.6794568,
12 Anzac Ave,edenhope,-37.8054372,145.3280915,
111 Nelson St,nhill,-37.6730847,144.9282577,
3 Snowy River Ave,jindabyne,-37.6403391,145.084278,
"104 Hogan Street, TATURA VIC 3614",Hume,-36.44025958,145.22606112,Tatura
"Midlands Golf and Bowls Club, Heinz Lane, INVERMAY VIC 3350",Grampians,-37.52782149,143.85749134,Invermay
"211 Lloyd St, MOE, VIC 3825",Gippsland,-38.18448829,146.23774702,Moe
"167 Tarcombe St, EUROA, VIC, 3666",Hume,-36.7426939,145.59148409,Euroa
"1778 Murray Valley Hwy, BARNAWARTHA NORTH VIC 3691",Hume,-36.06928001,146.72601676,Barnawartha North
"29-35 Louis St, AIRPORT WEST VIC 3042",Port Phillip,-37.71423527,144.88602331,Airport West
"Council Office and Public Carpark, 9 Smith Street, LEONGATHA VIC 3953",Gippsland,-38.47561889,145.94495803,Leongatha
"Town Centre Carpark, 24 Commercial Street, KORUMBURRA VIC 3950",Gippsland,-38.43248309,145.82462257,Korumburra
"112 Kingsway, GLEN WAVERLEY VIC 3150",Port Phillip,-37.88227576,145.16385293,Glen Waverley
"Euneva Car Park, GLEN WAVERLEY VIC 3150",Port Phillip,-37.87858613,145.16247276,Glen Waverley
"41 Millers Crescent, MOUNT WAVERLEY VIC 3149",Port Phillip,-37.87449931,145.12754824,Mount Waverley
"50 Learmonth Street, QUEENSCLIFF VIC 3225",Barwon South West,-38.26767098,144.65878459,Queenscliff
"Town Centre Carpark, 22 Station Road, FOSTER VIC 3960",Gippsland,-38.65339696,146.20148586,Foster
"1 McMillan St, Anglesea VIC 3230",Barwon South West,-38.409774,144.184861,Anglesea
"Main Road, BUCHAN VIC 3885",Gippsland,-37.499031,148.172035,Buchan
"Croajingalong Centre - Greer Street, MALLACOOTA VIC 3892",Gippsland,-37.557954,149.758297,Mallacoota
"1B Willis St/Barwon Terrace, Winchelsea",Barwon South West,-38.240486,143.991042,Winchelsea
"Warrnambool Visitor Information Centre, 89 Merri Street, WARRNAMBOOL VIC 3280",Barwon South West,-38.38940775,142.48503475,Warrnambool
"Aireys Inlet Community Centre, 6 Great Ocean Road, AIREYS INLET VIC 3230",Barwon South West,-38.45606232,144.10832958,Aireys Inlet
"Level 1, 30 Nolan Street, MANSFIELD VIC 3722",Hume,-37.05134578,146.08966778,Mansfield
"Australian Ballet Theatre - 2 Kavanagh St, Southbank VIC 3006",Port Phillip,-37.82245858,144.96891707,Melbourne
"Federation Park, Punt Road, COBRAM VIC 3644",Hume,-35.92029708,145.64434862,Cobram
"240 Pioneer Road, GROVEDALE VIC 3216",Barwon South West,-38.19683893,144.32015927,Grovedale
"30 Penisula Drive, Drysdale VIC 3216",Barwon South West,-38.188427,144.555593,Drysdale
"126 High Street, HEATHCOTE VIC 3523",Loddon Mallee,-36.92407151,144.71049727,Heathcote
"61 Curtis St, BALLARAT CENTRAL VIC 3350",Grampians,-37.56115436,143.86274767,Ballarat Central
"126 Baillie St, HORSHAM VIC 3400",Grampians,-36.71153251,142.20194493,Horsham
"Albert St (Car Park), KERANG VIC 3579",Loddon Mallee,-35.73437546,143.9215653,Kerang
"Maryborough Railway Station, Station St, MARYBOROUGH VIC 3465",Loddon Mallee,-37.05131349,143.74211386,Maryborough
"438 High St, ECHUCA VIC 3564",Loddon Mallee,-36.12731021,144.74815756,Echuca
"Gateway Visitor Centre King George St, COHUNA VIC 3568",Loddon Mallee,-35.80844516,144.22137154,Cohuna
"Storm Lane, INGLEWOOD VIC 3517",Loddon Mallee,-36.5754726,143.86755329,Inglewood
"Corner Burke St & Wimmera Hwy, NEWBRIDGE VIC 3551",Loddon Mallee,-36.74027311,143.9001971,Newbridge
"7 High St, HARCOURT VIC 3453",Loddon Mallee,-36.99865467,144.26078863,Harcourt
"Warragul Homemaker Centre, 57 Hazel Drive",Gippsland,-38.15903434,145.93364922,Warragul
"Port of Sale, Canal Rd (in car park), SALE 3850",Gippsland,-38.11255282,147.06330274,Sale
"42 George St, ROBINVALE VIC 3549",Loddon Mallee,-34.58452561,142.77477962,Robinvale
"11 Oke St, OUYEN VIC 3490",Loddon Mallee,-35.07104051,142.31530724,Ouyen
"135 Curlewis St, SWAN HILL VIC 3585",Loddon Mallee,-35.34039826,143.56158951,Swan Hill
"115 Best St, SEA LAKE VIC 3533",Loddon Mallee,-35.50401204,142.85172735,Sea Lake
"Fairview St, WYCHEPROOF VIC 3527",Loddon Mallee,-36.07897673,143.22654305,Wycheproof
"Jacka Park/Chapel St, WEDDERBURN VIC 3518",Loddon Mallee,-36.41861417,143.61317742,Wedderburn
"77 Mclennan St, MOOROOPNA VIC 3629",Hume,-36.3948694,145.35991594,Mooroopna
"8 Fraser St, SHEPPARTON VIC 3630",Hume,-36.38037879,145.40025533,Shepparton
"33 Forest St, CASTLEMAINE VIC 3450",Loddon Mallee,-37.06671023,144.21778843,Castlemaine
"1 Hutton St, KYNETON VIC 3444",Loddon Mallee,-37.24694181,144.45261659,Kyneton
"290 Glenferrie Road, MALVERN VIC 3144",Port Phillip,-37.85574811,145.02963594,Malvern
"Civic Centre, 113 High Street, BROADFORD VIC 3658",Hume,-37.20273946,145.04862505,Broadford
"Kilmore Library, 12 Sydney Street, KILMORE VIC 3764",Hume,-37.2940459,144.95207431,Kilmore
"McKenzie Reserve, Melba Highway, YARRA GLEN VIC 3775",Port Phillip,-37.65561797,145.37291238,Yarra Glen
"Business and Hospitality precinct, 254-248 Chesterville Road, MOORABBIN VIC 3189",Port Phillip,-37.94125806,145.06044581,Moorabbin
"Basalt Wines, 1131 Princes Highway, KILLARNEY VIC 3283",Barwon South West,-38.33950575,142.32751728,KILLARNEY
"URBNSURF, 309 Melrose Drive, TULLAMARINE VIC 3045",Port Phillip,-37.68733321,144.8684592,Tullamarine
"Community Centre, 45 Princes Highway, WERRIBEE VIC 3030",Port Phillip,-37.89691375,144.67061783,Werribee
"22 Synnot Street, WERRIBEE VIC 3030",Port Phillip,-37.9017665,144.66236246,Werribee
"9-11 George Street, HEYFIELD VIC 3858",Gippsland,-37.97996616,146.78644557,Heyfield
"Portsea Hotel, 3746 Point Nepean Road, PORTSEA VIC 3944",Port Phillip,-38.31956348,144.71461705,Portsea
"Piedimonte's Supermarket - 37/49A Best St, Fitzroy North VIC 3068",Port Phillip,-37.783447,144.98337,Fitzroy North
"9-29 Bromfield Street, COLAC VIC 3250",Barwon South West,-38.34053226,143.58567897,Colac
"80 River St Parking Lot, HEALESVILLE VIC 3777",Port Phillip,-37.65321089,145.51560956,Healesville
"29 Henty Street, PORTLAND VIC 3305",Barwon South West,-38.34646,141.60165,Portland
"5 Bank Street, PORT FAIRY VIC 3284",Barwon South West,-38.3838,142.23847,Port Fairy
"Early Street Carpark, MANSFIELD VIC 3722",Hume,-37.050841,146.086749,Mansfield
"Target Carpark - 29 Edward Street, BENDIGO VIC 3550",Loddon Mallee,-36.7635,144.27932,Bendigo
"Rosebud RSL Car Park, 113-123 Eastbourne Road, ROSEBUD VIC 3939",Port Phillip,-38.36804386,144.90477381,Rosebud
"Peter Scullin Reserve, MORDIALLOC VIC 3195",Port Phillip,-38.00842473,145.08457112,Mordialloc
"Hepburn Mineral Springs Reserve, HEPBURN SPRINGS VIC 3461",Grampians,-37.31135182,144.14269197,Hepburn Springs
"Creswick Information Centre, 41/43 Albert Street, CRESWICK VIC 3363",Grampians,-37.42232446,143.89439912,Creswick
"16A Windham Street, YACKANDANDAH VIC 3739",Hume,-36.31379577,146.83871195,Yackandandah
"63 Chapel St, COWES VIC 3922",Gippsland,-38.45053,145.240412,Cowes
"Hawthorn Aquatic and Leisure Centre, 1 Grace St, HAWTHORN VIC 3122",Port Phillip,-37.821098,145.035004,Hawthorn
"142 Mulberry Drive, TABILK VIC 3608",Hume,-36.827175,145.086375,Tabilk
8-10 Webster Street ALEXANDRA VIC 3714,Hume,-37.191984,145.711134,Alexandra
"15 Collings St, ARARAT VIC 3377",Grampians,-37.28189448,142.92971491,Ararat
"9 Francis Street, BAIRNSDALE VIC 3875",Gippsland,-37.82365165,147.62959413,Bairnsdale
"Number One Carpark, 19 Willoby St, Beaufort VIC 3373",Grampians,-37.42879917,143.38302026,Beaufort
"Loch Street Car Park, 26 Loch Street, BEECHWORTH VIC 3747",Hume,-36.3581827,146.68702361,Beechworth
"Reynolds Lane, BELGRAVE VIC 3160",Port Phillip,-37.90827979,145.35348274,Belgrave
"Denny Street Car Park, Denny Street, BENALLA VIC 3672",Hume,-36.55063729,145.98409324,Benalla
"24 Wills Street, BRIGHT VIC 3741",Hume,-36.72911524,146.96221097,Bright
"79 Main Street, BRUTHEN VIC 3885",Gippsland,-37.708246,147.834395,Bruthen
"2 Bath Street, CAMPERDOWN VIC 3260",Barwon South West,-38.2303752,143.14585096,Camperdown
"19 Hanson Street, CORRYONG VIC 3707",Hume,-36.19561488,147.90632646,Corryong
"73 Greenham Street, DARTMOOR VIC 3304",Barwon South West,-37.92223914,141.27620469,Dartmoor
"83 Wills Street, DUNKELD VIC 3294",Barwon South West,-37.65057842,142.34282892,Dunkeld
"12 Anzac Avenue, EDENHOPE VIC 3318",Grampians,-37.03671332,141.29654931,Edenhope
"33 Cook St, Flinders VIC 3929",Port Phillip,-38.47447131,145.0188104,Flinders
"Hamilton & Grampians Visitor Information Centre, 86 Hamilton Place HAMILTON VIC 3300",Barwon South West,-37.742503,142.020573,Hamilton
"34 King Street, HASTINGS VIC 3915",Port Phillip,-38.30799985,145.19192568,Hastings
"13 Madden Street N, KANIVA VIC 3419",Grampians,-36.3778351,141.2383918,Kaniva
"38 Dalmore Drive, SCORESBY VIC 3179",Port Phillip,-37.91258232,145.21869896,Scoresby
"6 Baynton Street, KYNETON VIC 3444",Loddon Mallee,-37.24900241,144.45216565,Kyneton
"2 Marine Parade, LAKES ENTRANCE VIC 3909",Gippsland,-37.88237508,147.97339408,Lakes Entrance
"4 The Crescent, LANCEFIELD VIC 3435",Loddon Mallee,-37.27748273,144.73502968,Lancefield
"Smith Street Roadside Parking, MACEDON VIC 3440",Loddon Mallee,-37.42330258,144.56252778,Macedon
"4 Purdy Lane, MAFFRA VIC 3860",Gippsland,-37.96724773,146.97484217,Maffra
"12 Wallace Street, Meredith VIC 3333",Grampians,-37.84428082,144.0767955,Meredith
"60-76 Pine Avenue, MILDURA VIC 3500",Loddon Mallee,-34.18359286,142.1584515,Mildura
"332 High Street, NAGAMBIE VIC 3608",Hume,-36.78407156,145.15436424,Nagambie
"3 Raymond Street, PAYNESVILLE VIC 3880",Gippsland,-37.91912927,147.7230338,Paynesville
"Bellevue Parade Car Park, Rosanna, VIC, 3084",Port Phillip,-37.742522,145.064388,Rosanna
"9 Walker Street, ST ARNAUD VIC 3477",Grampians,-36.61459,143.25763,St Arnaud
"24 Sloane Street, STAWELL VIC 3380",Grampians,-37.05688991,142.78116253,Stawell
"2 Walker Street, TORQUAY VIC 3228",Barwon South West,-38.33122194,144.3249256,Torquay
"49 Breed Street, TRARALGON VIC 3844",Gippsland,-38.19566665,146.53296101,Traralgon
"65 High Street, WALLAN VIC 3756",Hume,-37.413842,144.979171,Wallan
"2-6 Docker Street, WANGARATTA VIC 3677",Hume,-36.35499491,146.32244245,Wangaratta
"18 Woolcock Street, WARRACKNABEAL VIC 3393",Grampians,-36.25068331,142.39394073,Warracknabeal
"Acacia Car Park Public Toilet, Lot 2 High Street, WODONGA VIC 3690",Hume,-36.12168259,146.88663124,Wodonga
"12 Hovell Street, YARRAWONGA VIC 3730",Hume,-36.01003228,146.00323609,Yarrawonga
"Yarra Junction Reserve East, 1 Park Road, YARRA JUNCTION, VIC 3797",Port Phillip,-37.780951,145.613107,Yarra Junction
"113 High Street, BROADFORD VIC 3658",Hume,-37.203,145.04897,Broadford
"67 Lascelles St, HOPETOUN VIC 3396",Grampians,-35.726807,142.364256,Hopetoun
"66 McCartin Street, LEONGATHA VIC 3953",Gippsland,-38.477628,145.943608,Leongatha
"7 Mine Rd, KORUMBURRA VIC 3950",Gippsland,-38.434162,145.825097,Korumburra
"2 Foster Road, FISH CREEK VIC 3959",Gippsland,-38.693699,146.084281,Fish Creek
"113 Murray St, RUTHERGLEN VIC 3685",Hume,36.054549,146.458643,Rutherglen
"14 Pascoe Street, Apollo Bay VIC 3233",Barwon South West,-38.758015,143.66911,Apollo Bay
"3-7 Reed St, Murrayville VIC 3512",Loddon Mallee,-35.263623,141.183094,Murrayville
"3 Crawford St, Chiltern VIC 3683",Hume,-36.149332,146.610632,Chiltern
"Casey Recreation and Aquatic Centre - 65 Berwick-Cranbourne Rd, Cranbourne East, VIC 3977",Port Phillip,-38.111762,145.294761,Cranbourne East
"66 High Street, TRENTHAM VIC 3458",Grampians,-37.389207,144.325248,Trentham
"238A Warrigal Rd, Camberwell VIC 3146",Port Phillip,-37.84981,145.095568,Camberwell
"Richmond Library - 415 Church St, Richmond VIC 3121",Port Phillip,-37.825198,144.998666,Richmond
"Lorne Visitor Information Centre, 15 Mountjoy Parade, LORNE VIC 3232",Barwon South West,-38.53662282,143.97398396,Lorne
"Melbourne City Football Club - 369 Casey Fields Blvd, Cranbourne East VIC 3977",Port Phillip,-38.12339,145.310282,Cranbourne East
"368 Forest Rd, The Basin VIC 3154",Port Phillip,-37.856136,145.315238,The Basin
"Novotel Melbourne Preston - 215 Bell Street, Preston",Port Phillip,-37.746026,145.008211,Preston
"Wilson Parking - Federation Square - Russell St Ext, Melbourne VIC 3000",Port Phillip,-37.817892,144.971265,Melbourne City
"Melbourne Sports and Recreation Centre - 375 Albert Rd, Albert Park VIC 3206",Port Phillip,-37.844604,144.96197,Albert Park
"Freccia Azzurra Club - 784-796 Springvale Rd, Braeside VIC 3195",Port Phillip,-38.000874,145.141363,Braeside
"Grantville Transaction Centre, 1504-1510 Bass Highway, GRANTVILLE VIC 3984",Gippsland,-38.40694709,145.53011609,Grantville
"Newhaven Visitor Centre, 895 Phillip Island Road, NEWHAVEN VIC 3925",Gippsland,-38.51501587,145.3477915,Newhaven
"29 High St, Bannockburn VIC 3331",Barwon South West,-38.047304,144.170663,Bannockburn
"12 Mechanics Street, LAKES ENTRANCE VIC 3909",Gippsland,-37.880482,147.985919,Lakes Entrance
"Yarram District Hub, 156 Grant Street, YARRAM VIC 3971",Gippsland,-38.564517,146.674722,Yarram
"Bunurong Environment Centre - 3 Ramsey Boulevard, INVERLOCH VIC 3996",Gippsland,-38.634808,145.728857,Inverloch
"Wonthaggi Arts Space, 1 Bent Street, WONTHAGGI VIC 3995",Gippsland,-38.60364272,145.59365446,Wonthaggi
"1 Great Ocean Road, Jan Juc, VIC 3228",Barwon South West,-38.34038,144.310827,RACV Torquay Resort
"970 Nepean Hwy, Moorabbin VIC 3198",Port Phillip,-37.939276,145.037624,Moorabbin Homemaker Centre
"30 Howitt Avenue, Eastwood, VIC 3875",Gippsland,-37.811845,147.63119,Eastwood Village Shopping Centre
"80 Harvester Rd, Sunshine VIC 3020",Port Phillip,-37.781743,144.830859,Sunshine Marketplace
"Yackandandah Sports Park Complex, Yackandandah VIC 3749",Hume,-36.317291,146.836298,Yackandandah Sports Park
