Suburb,Cluster,Peak_Price,Standard_Price,Offpeak_Price,Average_Price
brunswick (north),0,6.14,4.73,3.78,4.85
brunswick (south),0,6.14,4.73,3.78,4.85
east melbourne,0,6.14,4.73,3.78,4.85
melbourne airport,0,6.14,4.73,3.78,4.85
melbourne cbd (east),0,6.14,4.73,3.78,4.85
melbourne cbd (north),0,6.14,4.73,3.78,4.85
melbourne cbd (west),0,6.14,4.73,3.78,4.85
north melbourne,0,6.14,4.73,3.78,4.85
point cook (east),0,6.14,4.73,3.78,4.85
point cook (north east),0,6.14,4.73,3.78,4.85
point cook (north west),0,6.14,4.73,3.78,4.85
point cook (south),0,6.14,4.73,3.78,4.85
port melbourne,0,6.14,4.73,3.78,4.85
port melbourne industrial,0,6.14,4.73,3.78,4.85
richmond (north),0,6.14,4.73,3.78,4.85
richmond (south) cremorne,0,6.14,4.73,3.78,4.85
south melbourne,0,6.14,4.73,3.78,4.85
tarneit (central),0,6.14,4.73,3.78,4.85
tarneit (north),0,6.14,4.73,3.78,4.85
tarneit (south),0,6.14,4.73,3.78,4.85
tarneit (west) mount cottrell,0,6.14,4.73,3.78,4.85
werribee (east),0,6.14,4.73,3.78,4.85
werribee (south),0,6.14,4.73,3.78,4.85
werribee (west),0,6.14,4.73,3.78,4.85
west melbourne (residential),0,6.14,4.73,3.78,4.85
abbotsford,1,6.14,4.73,3.78,4.85
airport west,1,6.14,4.73,3.78,4.85
albert park,1,6.14,4.73,3.78,4.85
alphington fairfield,1,6.14,4.73,3.78,4.85
altona,1,6.14,4.73,3.78,4.85
altona meadows,1,6.14,4.73,3.78,4.85
altona north,1,6.14,4.73,3.78,4.85
ardeer albion,1,6.14,4.73,3.78,4.85
armadale,1,6.14,4.73,3.78,4.85
ascot vale,1,6.14,4.73,3.78,4.85
ashburton,1,6.14,4.73,3.78,4.85
ashwood chadstone,1,6.14,4.73,3.78,4.85
aspendale gardens waterways,1,6.14,4.73,3.78,4.85
avondale heights,1,6.14,4.73,3.78,4.85
balwyn,1,6.14,4.73,3.78,4.85
balwyn north,1,6.14,4.73,3.78,4.85
bayswater,1,6.14,4.73,3.78,4.85
bayswater north,1,6.14,4.73,3.78,4.85
beaconsfield officer,1,6.14,4.73,3.78,4.85
beaumaris,1,6.14,4.73,3.78,4.85
belgrave selby,1,6.14,4.73,3.78,4.85
bentleigh east (north),1,6.14,4.73,3.78,4.85
bentleigh east (south),1,6.14,4.73,3.78,4.85
bentleigh mckinnon,1,6.14,4.73,3.78,4.85
berwick (north),1,6.14,4.73,3.78,4.85
berwick (south east),1,6.14,4.73,3.78,4.85
berwick (south west),1,6.14,4.73,3.78,4.85
blackburn,1,6.14,4.73,3.78,4.85
blackburn south,1,6.14,4.73,3.78,4.85
boronia,1,6.14,4.73,3.78,4.85
box hill,1,6.14,4.73,3.78,4.85
box hill north,1,6.14,4.73,3.78,4.85
braeside,1,6.14,4.73,3.78,4.85
braybrook,1,6.14,4.73,3.78,4.85
brighton,1,6.14,4.73,3.78,4.85
brighton east,1,6.14,4.73,3.78,4.85
broadmeadows,1,6.14,4.73,3.78,4.85
brookfield,1,6.14,4.73,3.78,4.85
brunswick east,1,6.14,4.73,3.78,4.85
brunswick west,1,6.14,4.73,3.78,4.85
bulleen,1,6.14,4.73,3.78,4.85
bundoora (east),1,6.14,4.73,3.78,4.85
bundoora (north),1,6.14,4.73,3.78,4.85
bundoora (west),1,6.14,4.73,3.78,4.85
burnside,1,6.14,4.73,3.78,4.85
burnside heights,1,6.14,4.73,3.78,4.85
burwood,1,6.14,4.73,3.78,4.85
burwood east,1,6.14,4.73,3.78,4.85
cairnlea,1,6.14,4.73,3.78,4.85
camberwell,1,6.14,4.73,3.78,4.85
campbellfield coolaroo,1,6.14,4.73,3.78,4.85
carlton,1,6.14,4.73,3.78,4.85
carlton north princes hill,1,6.14,4.73,3.78,4.85
carnegie,1,6.14,4.73,3.78,4.85
caroline springs,1,6.14,4.73,3.78,4.85
carrum downs,1,6.14,4.73,3.78,4.85
carrum patterson lakes,1,6.14,4.73,3.78,4.85
caulfield (north),1,6.14,4.73,3.78,4.85
caulfield (south),1,6.14,4.73,3.78,4.85
chelsea bonbeach,1,6.14,4.73,3.78,4.85
chelsea heights,1,6.14,4.73,3.78,4.85
chirnside park,1,6.14,4.73,3.78,4.85
clarinda oakleigh south,1,6.14,4.73,3.78,4.85
clayton (central),1,6.14,4.73,3.78,4.85
clayton (north) notting hill,1,6.14,4.73,3.78,4.85
clayton south,1,6.14,4.73,3.78,4.85
clifton hill alphington,1,6.14,4.73,3.78,4.85
clyde north (north),1,6.14,4.73,3.78,4.85
clyde north (south),1,6.14,4.73,3.78,4.85
coburg (east),1,6.14,4.73,3.78,4.85
coburg north,1,6.14,4.73,3.78,4.85
coburg (west),1,6.14,4.73,3.78,4.85
collingwood,1,6.14,4.73,3.78,4.85
craigieburn (central),1,6.14,4.73,3.78,4.85
craigieburn (north),1,6.14,4.73,3.78,4.85
craigieburn (north west),1,6.14,4.73,3.78,4.85
craigieburn (south),1,6.14,4.73,3.78,4.85
craigieburn (west),1,6.14,4.73,3.78,4.85
cranbourne,1,6.14,4.73,3.78,4.85
cranbourne east (north),1,6.14,4.73,3.78,4.85
cranbourne east (south),1,6.14,4.73,3.78,4.85
cranbourne north (east),1,6.14,4.73,3.78,4.85
cranbourne north (west),1,6.14,4.73,3.78,4.85
cranbourne south,1,6.14,4.73,3.78,4.85
cranbourne west,1,6.14,4.73,3.78,4.85
croydon (east),1,6.14,4.73,3.78,4.85
croydon hills warranwood,1,6.14,4.73,3.78,4.85
croydon south,1,6.14,4.73,3.78,4.85
croydon (west),1,6.14,4.73,3.78,4.85
dandenong north,1,6.14,4.73,3.78,4.85
dandenong (north),1,6.14,4.73,3.78,4.85
dandenong (south),1,6.14,4.73,3.78,4.85
deer park,1,6.14,4.73,3.78,4.85
delahey,1,6.14,4.73,3.78,4.85
derrimut,1,6.14,4.73,3.78,4.85
diggers rest,1,6.14,4.73,3.78,4.85
dingley village,1,6.14,4.73,3.78,4.85
docklands,1,6.14,4.73,3.78,4.85
doncaster,1,6.14,4.73,3.78,4.85
doncaster east (north),1,6.14,4.73,3.78,4.85
doncaster east (south),1,6.14,4.73,3.78,4.85
donvale park orchards,1,6.14,4.73,3.78,4.85
doreen (north),1,6.14,4.73,3.78,4.85
doreen (south),1,6.14,4.73,3.78,4.85
doveton,1,6.14,4.73,3.78,4.85
dromana,1,6.14,4.73,3.78,4.85
edithvale aspendale,1,6.14,4.73,3.78,4.85
elsternwick,1,6.14,4.73,3.78,4.85
eltham,1,6.14,4.73,3.78,4.85
elwood,1,6.14,4.73,3.78,4.85
emerald cockatoo,1,6.14,4.73,3.78,4.85
endeavour hills (north),1,6.14,4.73,3.78,4.85
endeavour hills (south),1,6.14,4.73,3.78,4.85
epping (east),1,6.14,4.73,3.78,4.85
epping (south),1,6.14,4.73,3.78,4.85
epping (west),1,6.14,4.73,3.78,4.85
essendon airport,1,6.14,4.73,3.78,4.85
essendon (east),1,6.14,4.73,3.78,4.85
essendon (west) aberfeldie,1,6.14,4.73,3.78,4.85
fawkner,1,6.14,4.73,3.78,4.85
ferntree gully (north),1,6.14,4.73,3.78,4.85
ferntree gully (south) upper ferntree gully,1,6.14,4.73,3.78,4.85
fitzroy,1,6.14,4.73,3.78,4.85
fitzroy north,1,6.14,4.73,3.78,4.85
flemington,1,6.14,4.73,3.78,4.85
flemington racecourse,1,6.14,4.73,3.78,4.85
footscray,1,6.14,4.73,3.78,4.85
forest hill,1,6.14,4.73,3.78,4.85
frankston,1,6.14,4.73,3.78,4.85
frankston north,1,6.14,4.73,3.78,4.85
frankston south,1,6.14,4.73,3.78,4.85
fraser rise plumpton,1,6.14,4.73,3.78,4.85
gladstone park westmeadows,1,6.14,4.73,3.78,4.85
glen iris (east),1,6.14,4.73,3.78,4.85
glenroy (east),1,6.14,4.73,3.78,4.85
glenroy (west),1,6.14,4.73,3.78,4.85
glen waverley (east),1,6.14,4.73,3.78,4.85
glen waverley (west),1,6.14,4.73,3.78,4.85
gowanbrae,1,6.14,4.73,3.78,4.85
greensborough,1,6.14,4.73,3.78,4.85
greenvale bulla,1,6.14,4.73,3.78,4.85
hadfield,1,6.14,4.73,3.78,4.85
hallam,1,6.14,4.73,3.78,4.85
hampton,1,6.14,4.73,3.78,4.85
hampton park (east),1,6.14,4.73,3.78,4.85
hampton park (west),1,6.14,4.73,3.78,4.85
hastings somers,1,6.14,4.73,3.78,4.85
hawthorn east,1,6.14,4.73,3.78,4.85
hawthorn (north),1,6.14,4.73,3.78,4.85
hawthorn (south),1,6.14,4.73,3.78,4.85
heidelberg rosanna,1,6.14,4.73,3.78,4.85
heidelberg west,1,6.14,4.73,3.78,4.85
highett (east) cheltenham,1,6.14,4.73,3.78,4.85
highett (west) cheltenham,1,6.14,4.73,3.78,4.85
hillside,1,6.14,4.73,3.78,4.85
hoppers crossing (north),1,6.14,4.73,3.78,4.85
hoppers crossing (south),1,6.14,4.73,3.78,4.85
hughesdale,1,6.14,4.73,3.78,4.85
hurstbridge,1,6.14,4.73,3.78,4.85
ivanhoe,1,6.14,4.73,3.78,4.85
ivanhoe east eaglemont,1,6.14,4.73,3.78,4.85
keilor,1,6.14,4.73,3.78,4.85
keilor downs,1,6.14,4.73,3.78,4.85
keilor east,1,6.14,4.73,3.78,4.85
kensington,1,6.14,4.73,3.78,4.85
kew east,1,6.14,4.73,3.78,4.85
kew (south),1,6.14,4.73,3.78,4.85
kew (west),1,6.14,4.73,3.78,4.85
keysborough (north),1,6.14,4.73,3.78,4.85
keysborough (south),1,6.14,4.73,3.78,4.85
kilsyth,1,6.14,4.73,3.78,4.85
kingsbury,1,6.14,4.73,3.78,4.85
kings park,1,6.14,4.73,3.78,4.85
knoxfield scoresby,1,6.14,4.73,3.78,4.85
koo wee rup,1,6.14,4.73,3.78,4.85
kurunjang toolern vale,1,6.14,4.73,3.78,4.85
lalor (east),1,6.14,4.73,3.78,4.85
lalor (west),1,6.14,4.73,3.78,4.85
langwarrin,1,6.14,4.73,3.78,4.85
laverton,1,6.14,4.73,3.78,4.85
lilydale coldstream,1,6.14,4.73,3.78,4.85
lynbrook lyndhurst,1,6.14,4.73,3.78,4.85
lysterfield,1,6.14,4.73,3.78,4.85
malvern east,1,6.14,4.73,3.78,4.85
malvern glen iris,1,6.14,4.73,3.78,4.85
manor lakes quandong,1,6.14,4.73,3.78,4.85
maribyrnong,1,6.14,4.73,3.78,4.85
meadow heights,1,6.14,4.73,3.78,4.85
melton,1,6.14,4.73,3.78,4.85
melton west,1,6.14,4.73,3.78,4.85
mentone,1,6.14,4.73,3.78,4.85
mernda (north),1,6.14,4.73,3.78,4.85
mernda (south),1,6.14,4.73,3.78,4.85
mickleham yuroke,1,6.14,4.73,3.78,4.85
mill park (north),1,6.14,4.73,3.78,4.85
mill park (south),1,6.14,4.73,3.78,4.85
mitcham,1,6.14,4.73,3.78,4.85
monbulk silvan,1,6.14,4.73,3.78,4.85
montmorency briar hill,1,6.14,4.73,3.78,4.85
montrose,1,6.14,4.73,3.78,4.85
moonee ponds,1,6.14,4.73,3.78,4.85
moorabbin airport,1,6.14,4.73,3.78,4.85
moorabbin heatherton,1,6.14,4.73,3.78,4.85
mooroolbark,1,6.14,4.73,3.78,4.85
mordialloc parkdale,1,6.14,4.73,3.78,4.85
mornington (east),1,6.14,4.73,3.78,4.85
mornington (west),1,6.14,4.73,3.78,4.85
mount dandenong olinda,1,6.14,4.73,3.78,4.85
mount eliza,1,6.14,4.73,3.78,4.85
mount evelyn,1,6.14,4.73,3.78,4.85
mount martha,1,6.14,4.73,3.78,4.85
mount waverley (north),1,6.14,4.73,3.78,4.85
mount waverley (south),1,6.14,4.73,3.78,4.85
mulgrave,1,6.14,4.73,3.78,4.85
murrumbeena,1,6.14,4.73,3.78,4.85
narre warren north,1,6.14,4.73,3.78,4.85
narre warren (north east),1,6.14,4.73,3.78,4.85
narre warren south (east),1,6.14,4.73,3.78,4.85
narre warren (south west),1,6.14,4.73,3.78,4.85
narre warren south (west),1,6.14,4.73,3.78,4.85
newport,1,6.14,4.73,3.78,4.85
niddrie essendon west,1,6.14,4.73,3.78,4.85
noble park (east),1,6.14,4.73,3.78,4.85
noble park north,1,6.14,4.73,3.78,4.85
noble park (west),1,6.14,4.73,3.78,4.85
northcote (east),1,6.14,4.73,3.78,4.85
northcote (west),1,6.14,4.73,3.78,4.85
nunawading,1,6.14,4.73,3.78,4.85
oakleigh huntingdale,1,6.14,4.73,3.78,4.85
oak park,1,6.14,4.73,3.78,4.85
ormond glen huntly,1,6.14,4.73,3.78,4.85
pakenham (north east),1,6.14,4.73,3.78,4.85
pakenham (north west),1,6.14,4.73,3.78,4.85
pakenham (south east),1,6.14,4.73,3.78,4.85
pakenham (south west),1,6.14,4.73,3.78,4.85
parkville,1,6.14,4.73,3.78,4.85
pascoe vale,1,6.14,4.73,3.78,4.85
pascoe vale south,1,6.14,4.73,3.78,4.85
pearcedale tooradin,1,6.14,4.73,3.78,4.85
plenty yarrambat,1,6.14,4.73,3.78,4.85
point nepean,1,6.14,4.73,3.78,4.85
prahran windsor,1,6.14,4.73,3.78,4.85
preston (east),1,6.14,4.73,3.78,4.85
preston (west),1,6.14,4.73,3.78,4.85
research north warrandyte,1,6.14,4.73,3.78,4.85
reservoir (north east),1,6.14,4.73,3.78,4.85
reservoir (north west),1,6.14,4.73,3.78,4.85
reservoir (south east),1,6.14,4.73,3.78,4.85
reservoir (south west),1,6.14,4.73,3.78,4.85
ringwood,1,6.14,4.73,3.78,4.85
ringwood east,1,6.14,4.73,3.78,4.85
ringwood north,1,6.14,4.73,3.78,4.85
rockbank mount cottrell,1,6.14,4.73,3.78,4.85
rosebud mccrae,1,6.14,4.73,3.78,4.85
rowville (central),1,6.14,4.73,3.78,4.85
rowville (north),1,6.14,4.73,3.78,4.85
rowville (south),1,6.14,4.73,3.78,4.85
roxburgh park (north),1,6.14,4.73,3.78,4.85
roxburgh park (south) somerton,1,6.14,4.73,3.78,4.85
sandringham black rock,1,6.14,4.73,3.78,4.85
seabrook,1,6.14,4.73,3.78,4.85
seaford,1,6.14,4.73,3.78,4.85
seddon kingsville,1,6.14,4.73,3.78,4.85
skye sandhurst,1,6.14,4.73,3.78,4.85
somerville,1,6.14,4.73,3.78,4.85
southbank (east),1,6.14,4.73,3.78,4.85
southbank (west) south wharf,1,6.14,4.73,3.78,4.85
south morang (north),1,6.14,4.73,3.78,4.85
south morang (south),1,6.14,4.73,3.78,4.85
south yarra (north),1,6.14,4.73,3.78,4.85
south yarra (south),1,6.14,4.73,3.78,4.85
south yarra (west),1,6.14,4.73,3.78,4.85
springvale,1,6.14,4.73,3.78,4.85
springvale south,1,6.14,4.73,3.78,4.85
st albans (north),1,6.14,4.73,3.78,4.85
st albans (south),1,6.14,4.73,3.78,4.85
st kilda (central),1,6.14,4.73,3.78,4.85
st kilda east,1,6.14,4.73,3.78,4.85
st kilda (west),1,6.14,4.73,3.78,4.85
strathmore,1,6.14,4.73,3.78,4.85
sunbury,1,6.14,4.73,3.78,4.85
sunbury (south),1,6.14,4.73,3.78,4.85
sunbury (west),1,6.14,4.73,3.78,4.85
sunshine,1,6.14,4.73,3.78,4.85
sunshine north,1,6.14,4.73,3.78,4.85
sunshine west,1,6.14,4.73,3.78,4.85
surrey hills (east) mont albert,1,6.14,4.73,3.78,4.85
surrey hills (west) canterbury,1,6.14,4.73,3.78,4.85
sydenham,1,6.14,4.73,3.78,4.85
taylors hill,1,6.14,4.73,3.78,4.85
taylors lakes,1,6.14,4.73,3.78,4.85
templestowe,1,6.14,4.73,3.78,4.85
templestowe lower,1,6.14,4.73,3.78,4.85
the basin,1,6.14,4.73,3.78,4.85
thomastown,1,6.14,4.73,3.78,4.85
thornbury,1,6.14,4.73,3.78,4.85
toorak,1,6.14,4.73,3.78,4.85
truganina (north),1,6.14,4.73,3.78,4.85
truganina (south east),1,6.14,4.73,3.78,4.85
truganina (south west),1,6.14,4.73,3.78,4.85
tullamarine,1,6.14,4.73,3.78,4.85
upwey tecoma,1,6.14,4.73,3.78,4.85
vermont,1,6.14,4.73,3.78,4.85
vermont south,1,6.14,4.73,3.78,4.85
viewbank yallambie,1,6.14,4.73,3.78,4.85
wallan,1,6.14,4.73,3.78,4.85
wandin seville,1,6.14,4.73,3.78,4.85
wantirna,1,6.14,4.73,3.78,4.85
wantirna south,1,6.14,4.73,3.78,4.85
warrandyte wonga park,1,6.14,4.73,3.78,4.85
watsonia,1,6.14,4.73,3.78,4.85
wattle glen diamond creek,1,6.14,4.73,3.78,4.85
wattle glen diamond creek,1,6.14,4.73,3.78,4.85
west footscray tottenham,1,6.14,4.73,3.78,4.85
wheelers hill,1,6.14,4.73,3.78,4.85
whittlesea,1,6.14,4.73,3.78,4.85
williamstown,1,6.14,4.73,3.78,4.85
wollert,1,6.14,4.73,3.78,4.85
wyndham vale (north),1,6.14,4.73,3.78,4.85
wyndham vale (south),1,6.14,4.73,3.78,4.85
yarra valley,1,6.14,4.73,3.78,4.85
yarraville,1,6.14,4.73,3.78,4.85
cobblebank strathtulloh,2,6.14,4.73,3.78,4.85
melton south weir views,2,6.14,4.73,3.78,4.85
