LOCATION,REGION,LEAD_ORGAN,LATITUDE,ESTIMATED_,ADDRESS,PLUG_TYPE,LONGITUDE,CHARGERS,NEARBY_AME,DCAV_SITE,COMPANY,PLUGSHARE_,NUMBER_OF_,longitude,latitude
Tatura,Hume,Tatura Carwash,-36.44025958,,"104 Hogan Street, TATURA VIC 3614","1 x CCS2, 1 x CHAdeMO",145.22606112,1 x 25kW Charger,"Park, Playground, Public Toilets, Accommodation, Dining, Shopping, Museum",NO,Tatura Carwash,https://www.plugshare.com/location/428162,1.0,145.22606112000005,-36.440259579999974
Invermay,Grampians,Midlands Golf and Bowls Club,-37.52782149,,"Midlands Golf and Bowls Club, Heinz Lane, INVERMAY VIC 3350",3 x Type 2,143.85749134,3 x 22kW Charger,"Park, Playground, Public Toilets, Recreation Reserve, Bushland Reserve, Shopping, Dining, Supermarket, Accommodation",NO,Midlands Golf and Bowls Club,https://www.plugshare.com/location/498278,3.0,143.85749134000002,-37.52782148999995
Moe,Gippsland,,-38.18448829,,"211 Lloyd St, MOE, VIC 3825",2 x CHAdeMO and 4 x CCS2/SAE,146.23774702,"1 x 350kW Ultra Rapid Chargers, 2 x 50kW Fast Chargers",,NO,Chargefox,https://www.plugshare.com/location/216032,3.0,146.23774702000003,-38.18448828999993
Euroa,Hume,,-36.7426939,,"167 Tarcombe St, EUROA, VIC, 3666",4 x CHAdeMO and 4 x CCS2/SAE,145.59148409,"2 x 350kW Ultra Rapid Chargers, 2 x 50kW Fast Chargers",,NO,Chargefox,https://www.plugshare.com/location/168166,4.0,145.5914840900001,-36.74269389999995
Barnawartha North,Hume,,-36.06928001,,"1778 Murray Valley Hwy, BARNAWARTHA NORTH VIC 3691",4 x CHAdeMO and 4 x CCS2/SAE,146.72601676,"2 x 350kW Ultra Rapid Chargers, 2 x 50kW Fast Chargers",,NO,Chargefox,https://www.plugshare.com/location/185988,4.0,146.7260167600001,-36.06928000999994
Airport West,Port Phillip,,-37.71423527,,"29-35 Louis St, AIRPORT WEST VIC 3042",6 x CHAdeMO and 2 x CCS2/SAE,144.88602331,"2 x 350kW Ultra Rapid Chargers, 2 x 50kW Fast Chargers",,NO,Chargefox,https://www.plugshare.com/location/195205,4.0,144.88602331000004,-37.71423526999996
Leongatha,Gippsland,South Gippsland Shire Council,-38.47561889,November 2023,"Council Office and Public Carpark, 9 Smith Street, LEONGATHA VIC 3953","1 x CCS2, 1 x CHAdeMO",145.94495803,1 x 60kW Fast Charger,"Park, Playground, Public Toilets, Wetlands, Recreation Reserve, Dining, Shopping, Accommodation, Supermarket",NO,South Gippsland Shire Council,https://www.plugshare.com/location/539833,1.0,145.94495803000007,-38.475618889999964
Korumburra,Gippsland,South Gippsland Shire Council,-38.43248309,December 2023,"Town Centre Carpark, 24 Commercial Street, KORUMBURRA VIC 3950","1 x CCS2, 1 x CHAdeMO",145.82462257,1 x 60kW Fast Charger,"Park, Playground, Public Toilets, Tourist Park, Botanic Park, Dining, Shopping, Accommodation, Supermarket",NO,South Gippsland Shire Council,https://www.plugshare.com/location/539841,1.0,145.8246225700001,-38.43248308999995
Glen Waverley,Port Phillip,City of Monash,-37.88227576,,"112 Kingsway, GLEN WAVERLEY VIC 3150",2 x Type 2,145.16385293,1 x 22kW Charger,"Park, Playground, Off-Leash Dog Park, Dining, Shopping, Aquatic and Recreation Centre, Accommodation, Public Toilets, Supermarket",NO,,https://www.plugshare.com/location/472258,1.0,145.16385293000008,-37.88227575999997
Glen Waverley,Port Phillip,City of Monash,-37.87858613,,"Euneva Car Park, GLEN WAVERLEY VIC 3150",2 x Type 2,145.16247276,1 x 22kW Charger,"Park, Playground, Off-Leash Dog Park, Dining, Shopping, Aquatic and Recreation Centre, Accommodation, Public Toilets, Supermarket",NO,,https://www.plugshare.com/location/480458,1.0,145.16247276,-37.878586129999974
Mount Waverley,Port Phillip,City of Monash,-37.87449931,,"41 Millers Crescent, MOUNT WAVERLEY VIC 3149",2 x Type 2,145.12754824,2 x 11kW Charger,"Park, Playground, Off-Leash Dog Park, Dining, Shopping, Accommodation, Public Toilets, Supermarket",NO,,https://www.plugshare.com/location/466167,2.0,145.1279887180001,-37.87488323799994
Queenscliff,Barwon South West,Borough of Queenscliffe,-38.26767098,10/10/2022,"50 Learmonth Street, QUEENSCLIFF VIC 3225",2 x CCS2,144.65878459,2 x 50kW Fast Chargers,"Park, Playground, Public Toilets, Dining, Accommodation, Museum, Shopping, Foreshore Reserve, Lighthouse, Lookout",NO,Borough of Queenscliffe,https://www.plugshare.com/location/539979,2.0,144.6587845900001,-38.267670979999934
Foster,Gippsland,South Gippsland Shire Council,-38.65339696,November 2023,"Town Centre Carpark, 22 Station Road, FOSTER VIC 3960","1 x CCS2, 1 x CHAdeMO",146.20148586,1 x 60kW Fast Charger,"Park, Playground, Public Toilets, Public Swimming Pool, Recreation Reserve, Museum, Art Gallery, Accommodation, Supermarket, Dining, Shopping",NO,South Gippsland Shire Council,https://www.plugshare.com/location/539873,1.0,146.20148586000005,-38.65339695999995
Anglesea,Barwon South West,Surf Coast Shire Council,-38.409774,July 2025,"1 McMillan St, Anglesea VIC 3230",,144.184861,1 x 50kW Fast Charger,"Visitor Information Centre, Camping, Dining, Shopping, Park, Playground, Public Toilets, Supermarket, Accommodation",NO,Surf Coast Shire Council,https://www.plugshare.com/location/1004516,1.0,144.18449218900003,-38.40988289999996
Buchan,Gippsland,East Gippsland Shire Council,-37.499031,October 2024,"Main Road, BUCHAN VIC 3885","1 x CCS2, 1 x CHAdeMO",148.172035,1 x 24kW Charger,"Park, Playground, Public Toilets, Walking Trail, Accommodation, Dining",NO,,https://www.plugshare.com/location/461334,1.0,148.17199024500007,-37.498973355999965
Mallacoota,Gippsland,East Gippsland Shire Council,-37.557954,,"Croajingalong Centre - Greer Street, MALLACOOTA VIC 3892","1 x CCS2, 1 x CHAdeMO",149.758297,1 x 50kW Fast Charger,"Park, Playground, Bushland Reserve, Coastal Reserve, Dining, Shopping, Supermarket, Accommodation, Camping, Public Toilets",NO,,https://www.plugshare.com/location/461332,1.0,149.75805977400012,-37.557995468999934
Winchelsea,Barwon South West,Surf Coast Shire Council,-38.240486,September 2025,"1B Willis St/Barwon Terrace, Winchelsea",,143.991042,1 x 50kW Fast Charger,"Park, Playground, Public Toilets, Shopping, Dining, Accommodation, Public Swimming Pool",NO,,https://www.plugshare.com/location/1104812,1.0,143.99116801200012,-38.24053653799996
Warrnambool,Barwon South West,Warrnambool City Council,-38.38940775,30 March 2024,"Warrnambool Visitor Information Centre, 89 Merri Street, WARRNAMBOOL VIC 3280","1 x CCS2, 1 x CHAdeMO",142.48503475,1 x 50kW Fast Charger,"Visitor Information Centre, Playground, Park, Public Toilets, Lookout, Foreshore Reserve, Art Gallery, Dining, Shopping, Wetlands, Hot Springs, Foreshore Promenade, Mini Golf, Accommodation, Supermarket",NO,,https://www.plugshare.com/location/568217,1.0,142.48503475000007,-38.389407749999975
Aireys Inlet,Barwon South West,Surf Coast Shire Council,-38.45606232,May 2026,"Aireys Inlet Community Centre, 6 Great Ocean Road, AIREYS INLET VIC 3230",,144.10832958,1 x 50kW Fast Charger,"Park, Playground, Dining, Accommodation, Shopping, Coastal Reserve, Art Gallery, Supermarket, Lookout",YES,,,1.0,144.10832958000003,-38.456062319999944
Mansfield,Hume,Mansfield Apartments,-37.05134578,,"Level 1, 30 Nolan Street, MANSFIELD VIC 3722",2 x Type 2,146.08966778,2 x 22kW Charger,"Park, Playground, Public Toilets, Visitor Information Centre, Botanic Gardens, Dining, Shopping, Recreation Reserve, Accommodation, Supermarket",NO,Mansfield Apartments,https://www.plugshare.com/location/426671,2.0,146.08966778,-37.05134577999996
,,,,,,,,,,,,,,147.05290072900004,-37.41509022699995
,,,,,,,,,,,,,,148.02271247200008,-36.98891138099998
,,,,,,,,,,,,,,147.00992588000008,-37.37289542899998
Melbourne,Port Phillip,INTELLIHUB AUSTRALIA Pty Ltd,-37.82245858,30 June 2024,"Australian Ballet Theatre - 2 Kavanagh St, Southbank VIC 3006",1 x Type 2,144.96891707,1 x 22kW Charger,"Park, Playground, Public Toilets, Dining, Shopping, Supermarket, Botanic Gardens, Museum, Accommodation",NO,,,1.0,144.9671738710001,-37.822763254999984
Cobram,Hume,Moira Shire Council,-35.92029708,21/01/2023,"Federation Park, Punt Road, COBRAM VIC 3644","1 x CCS2, 1 x CHAdeMO",145.64434862,1 x 50kW Fast Charger,"Park, Playground, Recreation Reserve, Public Toilets, Supermarket, Shopping, Accommodation",NO,,,1.0,145.64496249500007,-35.920967332999965
Grovedale,Barwon South West,City of Greater Geelong,-38.19683893,13/06/2023,"240 Pioneer Road, GROVEDALE VIC 3216","1 x CCS2, 1 x CHAdeMO",144.32015927,2 x 50kW Fast Charger,"Park, Playground, Public Toilets, Dining, Supermarket, Shopping, Aquatic and Recreation Centre",NO,City of Greater Geelong,https://www.plugshare.com/location/352806,2.0,144.3201592700001,-38.196838929999956
Drysdale,Barwon South West,City of Greater Geelong,-38.188427,31/07/2023,"30 Penisula Drive, Drysdale VIC 3216","1 x CCS2, 1 x CHAdeMO",144.555593,2 x 50kW Fast Charger,"Sports Precinct, Nature Reserve, Public Toilets, Aquatic Centre, Schools",NO,City of Greater Geelong,https://www.plugshare.com/location/551878,2.0,144.55546030000005,-38.18965454599993
Heathcote,Loddon Mallee,Evie Networks,-36.92407151,31 October 2023,"126 High Street, HEATHCOTE VIC 3523","1 x CCS2, 1 x CHAdeMO",144.71049727,1 x 50kW Fast Charger,"Park, Playground, Public Toilets, Dining, Shopping, Accommodation",NO,Evie Networks,https://www.plugshare.com/location/560709,1.0,144.71049727000002,-36.924071509999976
Ballarat Central,Grampians,,-37.56115436,,"61 Curtis St, BALLARAT CENTRAL VIC 3350",4 x CHAdeMO and 4 x CCS2/SAE,143.86274767,"2 x 350kW Ultra Rapid Chargers, 2 x 50kW Fast Chargers",,NO,Chargefox,https://www.plugshare.com/location/240468,4.0,143.8627476700001,-37.56115435999993
Horsham,Grampians,,-36.71153251,,"126 Baillie St, HORSHAM VIC 3400",4 x CHAdeMO and 4 x CCS2/SAE,142.20194493,"2 x 350kW Ultra Rapid Chargers,  4x 50kW Fast Chargers",,NO,Chargefox,https://www.plugshare.com/location/208513,4.0,142.20194493000008,-36.711532509999984
Kerang,Loddon Mallee,,-35.73437546,,"Albert St (Car Park), KERANG VIC 3579",1 x CHAdeMO and 1 x CCS2/SAE,143.9215653,1 x 50kW Fast Charger,,NO,Evie Networks,https://www.plugshare.com/location/310767,1.0,143.9215653000001,-35.73437545999997
Maryborough,Loddon Mallee,,-37.05131349,,"Maryborough Railway Station, Station St, MARYBOROUGH VIC 3465",1 x CHAdeMO and 1 x CCS2/SAE,143.74211386,1 x 50kW Fast Charger,,NO,Evie Networks,https://www.plugshare.com/location/303802,1.0,143.74211386000002,-37.051313489999984
Echuca,Loddon Mallee,,-36.12731021,,"438 High St, ECHUCA VIC 3564",2 x CHAdeMO and 2 x CCS2/SAE,144.74815756,"1 x 75kW Fast Charger, 1 x 25kW Charger",,NO,Evie Networks,https://www.plugshare.com/location/316668,2.0,144.7481575600001,-36.12731020999996
Cohuna,Loddon Mallee,,-35.80844516,,"Gateway Visitor Centre King George St, COHUNA VIC 3568",1 x CHAdeMO and 1 x CCS2/SAE,144.22137154,1 x 50kW Fast Charger,,NO,Evie Networks,https://www.plugshare.com/location/323306,1.0,144.22137154000006,-35.80844515999996
Inglewood,Loddon Mallee,,-36.5754726,,"Storm Lane, INGLEWOOD VIC 3517",1 x CHAdeMO and 1 x CCS2/SAE,143.86755329,1 x 50kW Fast Charger,,NO,Evie Networks,https://www.plugshare.com/location/308988,1.0,143.86755329000005,-36.575472599999955
Newbridge,Loddon Mallee,,-36.74027311,,"Corner Burke St & Wimmera Hwy, NEWBRIDGE VIC 3551",1 x CHAdeMO and 1 x CCS2/SAE,143.9001971,1 x 25kW Charger,,NO,Evie Networks,https://www.plugshare.com/location/317582,1.0,143.9001971,-36.740273109999976
Harcourt,Loddon Mallee,,-36.99865467,,"7 High St, HARCOURT VIC 3453",1 x CHAdeMO and 1 x CCS2/SAE,144.26078863,1 x 25kW Charger,,NO,Evie Networks,https://www.plugshare.com/location/316307,1.0,144.2607886300001,-36.99865466999995
Warragul,Gippsland,Evie Networks,-38.15903434,January 2024,"Warragul Homemaker Centre, 57 Hazel Drive","1 x CCS2, 1 x CHAdeMO",145.93364922,1 x 50kW Fast Charger,"Park, Playground, Public Toilets, Dining, Shopping, Supermarket, Accommodation, Recreation Reserve",NO,Evie Networks,https://www.plugshare.com/location/562148,1.0,145.953105681,-38.16734402099996
Sale,Gippsland,,-38.11255282,,"Port of Sale, Canal Rd (in car park), SALE 3850",1 x CHAdeMO and 1 x CCS2/SAE,147.06330274,1 x 75kW Fast Charger,,NO,Evie Networks,https://www.plugshare.com/location/307756,1.0,147.06330274000004,-38.11255281999996
Robinvale,Loddon Mallee,,-34.58452561,,"42 George St, ROBINVALE VIC 3549",1 x CHAdeMO and 1 x CCS2/SAE,142.77477962,1 x 50kW Fast Charger,,NO,Evie Networks,https://www.plugshare.com/location/338433,1.0,142.77477962000012,-34.58452560999996
Ouyen,Loddon Mallee,,-35.07104051,,"11 Oke St, OUYEN VIC 3490",1 x CHAdeMO and 1 x CCS2/SAE,142.31530724,1 x 50kW Fast Charger,,NO,Evie Networks,https://www.plugshare.com/location/337330,1.0,142.31530724000004,-35.07104050999993
Swan Hill,Loddon Mallee,,-35.34039826,,"135 Curlewis St, SWAN HILL VIC 3585",1 x CHAdeMO and 1 x CCS2/SAE,143.56158951,1 x 50kW Fast Charger,,NO,Evie Networks,https://www.plugshare.com/location/338502,1.0,143.5615895100001,-35.34039825999997
Sea Lake,Loddon Mallee,,-35.50401204,,"115 Best St, SEA LAKE VIC 3533",1 x CHAdeMO and 1 x CCS2/SAE,142.85172735,1 x 50kW Fast Charger,,NO,Evie Networks,https://www.plugshare.com/location/337329,1.0,142.85172735000003,-35.504012039999964
Wycheproof,Loddon Mallee,,-36.07897673,,"Fairview St, WYCHEPROOF VIC 3527",1 x CHAdeMO and 1 x CCS2/SAE,143.22654305,1 x 50kW Fast Charger,,NO,Evie Networks,https://www.plugshare.com/location/337326,1.0,143.22654305000003,-36.078976729999965
Wedderburn,Loddon Mallee,,-36.41861417,,"Jacka Park/Chapel St, WEDDERBURN VIC 3518",1 x CHAdeMO and 1 x CCS2/SAE,143.61317742,1 x 50kW Fast Charger,,NO,Evie Networks,https://www.plugshare.com/location/342215,1.0,143.61317742000006,-36.418614169999955
Mooroopna,Hume,,-36.3948694,,"77 Mclennan St, MOOROOPNA VIC 3629",1 x CHAdeMO and 1 x CCS2/SAE,145.35991594,1 x 50kW Fast Charger,,NO,Evie Networks,https://www.plugshare.com/location/342214,1.0,145.35991594000006,-36.39486939999995
Shepparton,Hume,,-36.38037879,,"8 Fraser St, SHEPPARTON VIC 3630",1 x CHAdeMO and 1 x CCS2/SAE,145.40025533,1 x 50kW Fast Charger,,NO,Evie Networks,https://www.plugshare.com/location/342216,1.0,145.40025533000005,-36.38037878999995
Castlemaine,Loddon Mallee,,-37.06671023,,"33 Forest St, CASTLEMAINE VIC 3450",1 x CHAdeMO and 1 x CCS2/SAE,144.21778843,1 x 50kW Fast Charger,,NO,Evie Networks,https://www.plugshare.com/location/334760,1.0,144.21778843000004,-37.066710229999956
Kyneton,Loddon Mallee,,-37.24694181,,"1 Hutton St, KYNETON VIC 3444",1 x CHAdeMO and 1 x CCS2/SAE,144.45261659,1 x 50kW Fast Charger,,NO,Evie Networks,https://www.plugshare.com/location/337323,1.0,144.45261659000005,-37.24694180999995
Malvern,Port Phillip,City of Stonnington,-37.85574811,20/03/2023,"290 Glenferrie Road, MALVERN VIC 3144","1 x CCS2, 1 x CHAdeMO",145.02963594,1 x 50kW Fast Charger,"Park, Playground, Dining, Shopping, Accommodation, Supermarket, Public Toilets",NO,Stonnington City Council,https://www.plugshare.com/location/537305,1.0,145.02963594000005,-37.85574810999998
Broadford,Hume,Mitchell Shire Council,-37.20273946,,"Civic Centre, 113 High Street, BROADFORD VIC 3658","1 x CCS2, 1 x CHAdeMO",145.04862505,1 x 25kW Charger,"Park, Playground, Public Toilets, Shopping, Dining, Supermarket",,,,1.0,145.04862505000006,-37.202739459999975
Kilmore,Hume,Mitchell Shire Council,-37.2940459,,"Kilmore Library, 12 Sydney Street, KILMORE VIC 3764","1 x CCS2, 1 x CHAdeMO",144.95207431,1 x 25kW Charger,"Park, Playground, Public Toilets, Shopping, Dining, Accommodation, Supermarket",NO,Mitchell Shire Council,https://www.plugshare.com/location/470792,1.0,144.95207431000006,-37.29404589999996
Yarra Glen,Port Phillip,Yarra Glenergy,-37.65561797,,"McKenzie Reserve, Melba Highway, YARRA GLEN VIC 3775","1 x CCS2, 1 x CHAdeMO",145.37291238,1 x 50kW Fast Charger,"Park, Playground, Public Toilets, Accommodation, Shopping, Dining, Supermarket",NO,,https://www.plugshare.com/location/473256,1.0,145.37291238000012,-37.65561796999998
Moorabbin,Port Phillip,Morris Moor Pty Ltd,-37.94125806,,"Business and Hospitality precinct, 254-248 Chesterville Road, MOORABBIN VIC 3189",3 x Type 2,145.06044581,3 x 22kW Charger,"Shopping, Dining, Brewery, Public Toilets",NO,,https://www.plugshare.com/location/413448,3.0,145.06044581000003,-37.94125805999994
KILLARNEY,Barwon South West,Basalt Wines,-38.33950575,,"Basalt Wines, 1131 Princes Highway, KILLARNEY VIC 3283","1 x Type 2, 1 x CCS2",142.32751728,1 x 22kW Charger,"Dining, Winery",NO,,https://www.plugshare.com/location/371287,1.0,142.32751728000005,-38.339505749999944
Tullamarine,Port Phillip,EON Charge,-37.68733321,31 December 2023,"URBNSURF, 309 Melrose Drive, TULLAMARINE VIC 3045","1 x CCS2, 1 x CHAdeMO",144.8684592,1 x 50kW Fast Charger,"Park, Playground, Public Toilets, Shopping, Dining, Supermarket, Accommodation",NO,,https://www.plugshare.com/location/583242,1.0,144.86845920000007,-37.68733320999996
Werribee,Port Phillip,Wyndham City Council,-37.89691375,31/07/2023,"Community Centre, 45 Princes Highway, WERRIBEE VIC 3030","1 x CCS2, 1 x CHAdeMO",144.67061783,2 x 50kW Fast Charger,"Park, Public Toilets, Playground, Off-Leash Dog Park, Dining",NO,,,2.0,144.67061783000008,-37.89691374999995
Werribee,Port Phillip,Wyndham City Council,-37.9017665,12/06/2023,"22 Synnot Street, WERRIBEE VIC 3030",2 x Type 2,144.66236246,2 x 22kW Charger,"Park, Public Toilets, Playground, Dining, Shopping, Supermarket",NO,Wyndham City Council,https://www.plugshare.com/location/478545,2.0,144.66236246000005,-37.90176649999995
Heyfield,Gippsland,Wellington Shire Council,-37.97996616,31 October 2023,"9-11 George Street, HEYFIELD VIC 3858","1 x CCS2, 1 x CHAdeMO",146.78644557,1 x 50kW Charger,"Park, Playground, Public Toilets, Dining, Supermarket, Shopping, Recreation Reserve, Wetlands",NO,Wellington Shire Council,https://www.plugshare.com/location/554682,1.0,146.78677407400005,-37.980215311999984
Portsea,Port Phillip,The Trustee for Colonial & Empire Brewing Trust,-38.31956348,16 October 2023,"Portsea Hotel, 3746 Point Nepean Road, PORTSEA VIC 3944","1 x CCS2, 1 x CHAdeMO",144.71461705,1 x 50kW Fast Charger,"Park, Playground, Public Toilets, Dining, Shopping, Accommodation, Recreation Reserve, Walking Trail",NO,Portsea Hotel,https://www.plugshare.com/location/553441,1.0,144.71461705000002,-38.31956347999994
Fitzroy North,Port Phillip,Yarra City Council,-37.783447,December 2024,"Piedimonte's Supermarket - 37/49A Best St, Fitzroy North VIC 3068",4 x CCS2,144.98337,2 x 75kW Charger,"Park, Playground, Public Toilets, Shopping, Dining",NO,Yarra City Council,https://www.plugshare.com/location/650422,2.0,144.98321351200002,-37.78344702299995
Colac,Barwon South West,Evie Networks,-38.34053226,February 2024,"9-29 Bromfield Street, COLAC VIC 3250","1 x CCS2, 1 x CHAdeMO",143.58567897,1 x 50kW Fast Charger,"Park, Playground, Public Toilets, Shopping, Dining, Supermarket, Accommodation",NO,Evie Networks,https://www.plugshare.com/location/616110,1.0,143.58567897000012,-38.340532259999975
Healesville,Port Phillip,Evie Networks,-37.65321089,31/07/2023,"80 River St Parking Lot, HEALESVILLE VIC 3777","1 x CCS2, 1 x CHAdeMO",145.51560956,1 x 50kW Fast Charger,"Park, Playground, Public Toilets, Shopping, Dining, Supermarket, Accommodation, Gin Distillery",NO,Evie Networks,https://www.plugshare.com/location/537625,1.0,145.51560956000003,-37.65321088999997
Portland,Barwon South West,Evie Networks,-38.34646,January 2024,"29 Henty Street, PORTLAND VIC 3305","1 x CCS2, 1 x CHAdeMO",141.60165,1 x 50kW Fast Charger,"Park, Playground, Public Toilets, Botanic Gardens, Museum, Lighthouse, Accommodation, Supermarket, Dining, Shopping",NO,Evie Networks,https://www.plugshare.com/location/484850,1.0,141.6026476930001,-38.34630977299997
Port Fairy,Barwon South West,Evie Networks,-38.3838,30 November 2023,"5 Bank Street, PORT FAIRY VIC 3284","1 x CCS2, 1 x CHAdeMO",142.23847,1 x 50kW Fast Charger,"Park, Public Toilets, Playground, Museum, Riverfront Walking Trail, Dining, Shopping, Supermarket, Accommodation",NO,Evie Networks,https://www.plugshare.com/location/484849,1.0,142.23848642100006,-38.38376731799997
Mansfield,Hume,Evie Networks,-37.050841,February 2024,"Early Street Carpark, MANSFIELD VIC 3722","1 x CCS2, 1 x CHAdeMO",146.086749,1 x 50kW Fast Charger,"Park, Playground, Recreation Reserve, Dining, Shopping, Botanic Gardens, Accommodation, Supermarket",NO,,https://www.plugshare.com/location/544018,1.0,146.08706655600008,-37.050855439999964
Bendigo,Loddon Mallee,Evie Networks,-36.7635,February 2024,"Target Carpark - 29 Edward Street, BENDIGO VIC 3550",2 x CCS2,144.27932,1 x 50kW Fast Charger,"Park, Playground, Public Toilets, Dining, Public Toilets, Lookout, Art Gallery, Museum, Conservatory Gardens, Shopping, Aquatic Centre, Supermarket, Accommodation",NO,Evie Networks,https://www.plugshare.com/location/602381,1.0,144.27932680800006,-36.763440714999945
Rosebud,Port Phillip,Rosebud RSL,-38.36804386,19/05/2023,"Rosebud RSL Car Park, 113-123 Eastbourne Road, ROSEBUD VIC 3939","2 x CCS2, 2 x CHAdeMO",144.90477381,2 x 24kW Charger,"Park, Playground, Public Toilets, Accommodation",NO,Rosebud RSL,https://www.plugshare.com/location/471733,2.0,144.90477381000005,-38.36804385999994
Mordialloc,Port Phillip,Kingston City Council,-38.00842473,31 December 2023,"Peter Scullin Reserve, MORDIALLOC VIC 3195","1 x CCS2, 1 x CHAdeMO",145.08457112,1 x 50kW Fast Charger,"Park, Playground, Public Toilets, Dining, Supermarket, Shopping",NO,Kingston City Council,https://www.plugshare.com/location/553581,1.0,145.08457112000008,-38.008424729999945
Hepburn Springs,Grampians,Chargefox Pty Ltd,-37.31135182,31/07/2023,"Hepburn Mineral Springs Reserve, HEPBURN SPRINGS VIC 3461","1 x CCS2, 1 x CHAdeMO",144.14269197,1 x 50kW Fast Charger,"Accommodation, Natural Springs, Dining, Reserve",NO,Chargefox,https://www.plugshare.com/location/542936,1.0,144.1426919700001,-37.31135181999997
Creswick,Grampians,Chargefox Pty Ltd,-37.42232446,31/07/2023,"Creswick Information Centre, 41/43 Albert Street, CRESWICK VIC 3363","1 x CCS2, 1 x CHAdeMO",143.89439912,1 x 50kW Fast Charger,"Visitor Information Centre, Park, Playground, Public Toilets, Accommodation, Dining, Museum, Water Park",NO,Chargefox Pty Ltd,https://www.plugshare.com/location/479587,1.0,143.89439912000012,-37.42232445999997
Yackandandah,Hume,Totally Renewable Yackandandah,-36.31379577,,"16A Windham Street, YACKANDANDAH VIC 3739","1 x CCS2, 1 x CHAdeMO",146.83871195,1 x 50kW Fast Charger,"Visitor Information Centre, Park, Playground, Public Toilets, Dining, Supermarket, Accommodation",NO,Totally Renewable Yackandandah,https://www.plugshare.com/location/454995,1.0,146.83871195000006,-36.313795769999956
Cowes,Gippsland,Evie Networks,-38.45053,September 2024,"63 Chapel St, COWES VIC 3922","1 x CCS2, 1 x CHAdeMO",145.240412,1 x 75kW Fast Charger,"Park, Playground, Public Toilets, Accommodation, Dog Beach, Picnic Area, Leisure Centre, Dining, Shopping, Recreation Reserve, Supermarket",NO,,https://www.plugshare.com/location/632741,1.0,145.24026273200002,-38.45047986399993
Hawthorn,Port Phillip,Boroondara City Council,-37.821098,28 February 2024,"Hawthorn Aquatic and Leisure Centre, 1 Grace St, HAWTHORN VIC 3122","1 x CCS2, 1 x CHAdeMO",145.035004,1 x 50kW Fast Charger,"Swimming Pool, Oval, Public Toilets, Accommodation, Shopping, Dining, Supermarket",NO,,https://www.plugshare.com/location/553583,1.0,145.0350121040001,-37.820988125999975
Tabilk,Hume,Tahbilk Winery,-36.827175,,"142 Mulberry Drive, TABILK VIC 3608",2 x Type 2,145.086375,2 x 22kW Charger,Winery,NO,Tahbilk Winery,https://www.plugshare.com/location/456154,2.0,145.08632623100004,-36.826783416999945
Alexandra,Hume,Evie Networks,-37.191984,31/07/2023,8-10 Webster Street ALEXANDRA VIC 3714,"1 x CCS2, 1 x CHAdeMO",145.711134,1 x 50kW Fast Charger,"Park, Playground, Public Toilets, Dining, Shopping, Accommodation",NO,,https://www.plugshare.com/location/535987,1.0,145.71113400000002,-37.191983999999934
Ararat,Grampians,Evie Networks,-37.28189448,31 August 2023,"15 Collings St, ARARAT VIC 3377","1 x CCS2, 1 x CHAdeMO",142.92971491,1 x 50kW Fast Charger,"Park, Playground, Public Toilets, Museum, Dining, Shopping, Accommodation, Art Gallery, Shopping, Supermarket",NO,Evie Networks,https://www.plugshare.com/location/307063,1.0,142.92971491000003,-37.28189448499995
Bairnsdale,Gippsland,Evie Networks,-37.82365165,,"9 Francis Street, BAIRNSDALE VIC 3875","1 x CCS2, 1 x CHAdeMO",147.62959413,1 x 50kW Fast Charger,"Park, Playground, Public Toilets, River Walk Trail, Dining, Shopping, Supermarket, Accommodation",NO,Evie Networks,https://www.plugshare.com/location/476504,1.0,147.6295941300001,-37.82365164799995
Beaufort,Grampians,Evie Networks,-37.42879917,31/07/2023,"Number One Carpark, 19 Willoby St, Beaufort VIC 3373","1 x CCS2, 1 x CHAdeMO",143.38302026,1 x 50kW Fast Charger,"Park, Public Toilets, Dining, Shopping, Accommodation",NO,,https://www.plugshare.com/location/532106,1.0,143.38302026400004,-37.428799168999944
Beechworth,Hume,Evie Networks,-36.3581827,31 August 2023,"Loch Street Car Park, 26 Loch Street, BEECHWORTH VIC 3747","1 x CCS2, 1 x CHAdeMO",146.68702361,1 x 50kW Fast Charger,"Park, Public Toilets, Dining, Shopping, Supermarket, Accommodation, Visitor Information Centre, Museum",NO,Evie Networks,https://www.plugshare.com/location/557864,1.0,146.68702360600003,-36.35818269599997
Belgrave,Port Phillip,Evie Networks,-37.90827979,31/07/2023,"Reynolds Lane, BELGRAVE VIC 3160","1 x CCS2, 1 x CHAdeMO",145.35348274,1 x 50kW Fast Charger,"Park, Playground, Public Toilets, Scenic Train, Supermarket, Shopping, Dining, Accommodation",NO,Evie Networks,https://www.plugshare.com/location/534323,1.0,145.35348273700004,-37.90827979199997
Benalla,Hume,Evie Networks,-36.55063729,15 October 2023,"Denny Street Car Park, Denny Street, BENALLA VIC 3672","1 x CCS2, 1 x CHAdeMO",145.98409324,1 x 50kW Fast Charger,"Visitor Information Centre, Park, Playground, Public Toilets, Dining, Shopping, Supermarket, Accommodation, Aquatic Centre, Art Gallery, Museum",NO,Evie Networks,https://www.plugshare.com/location/513086,1.0,145.9840932410001,-36.55063728599998
Bright,Hume,Evie Networks,-36.72911524,31/07/2023,"24 Wills Street, BRIGHT VIC 3741","1 x CCS2, 1 x CHAdeMO",146.96221097,1 x 50kW Fast Charger,"Park, Playground, Dining, Shopping, Accommodation, Supermarket, Public Toilets",NO,,https://www.plugshare.com/location/512324,1.0,146.9622109720001,-36.72911523799996
Bruthen,Gippsland,Evie Networks,-37.708246,February 2024,"79 Main Street, BRUTHEN VIC 3885","1 x CCS2, 1 x CHAdeMO",147.834395,1 x 50kW Fast Charger,"Recreation Reserve, Public Toilets, Dining, Accommodation, Camping",NO,Evie Networks,https://www.plugshare.com/location/548567,1.0,147.8343950000001,-37.708245999999974
Camperdown,Barwon South West,Evie Networks,-38.2303752,31/07/2023,"2 Bath Street, CAMPERDOWN VIC 3260","1 x CCS2, 1 x CHAdeMO",143.14585096,1 x 50kW Fast Charger,"Park, Playground, Public Toilets, Dining, Museum, Shopping, Supermarket, Accommodation, Public Swimming Pool",NO,,https://www.plugshare.com/location/516153,1.0,143.14585095600012,-38.23037520199995
Corryong,Hume,Evie Networks,-36.19561488,30 November 2023,"19 Hanson Street, CORRYONG VIC 3707","1 x CCS2, 1 x CHAdeMO",147.90632646,1 x 50kW Fast Charger,"Park, Playground, Dining, Shopping, Museum, Recreation Reserve, Lookout, Supermarket, Accommodation",NO,Evie Networks,https://www.plugshare.com/location/516364,1.0,147.90632646000006,-36.19561487699997
Dartmoor,Barwon South West,Evie Networks,-37.92223914,,"73 Greenham Street, DARTMOOR VIC 3304","1 x CCS2, 1 x CHAdeMO",141.27620469,1 x 50kW Fast Charger,"Park, Playground, Recreation Reserve, Supermarket, Accommodation",NO,Evie Networks,https://www.plugshare.com/location/484348,1.0,141.27620469200008,-37.92223914199997
Dunkeld,Barwon South West,Evie Networks,-37.65057842,31/07/2023,"83 Wills Street, DUNKELD VIC 3294","1 x CCS2, 1 x CHAdeMO",142.34282892,1 x 50kW Fast Charger,"Park, Visitor Information Centre, Public Toilets, Dining, Museum, Accommodation",NO,,https://www.plugshare.com/location/520436,1.0,142.3428289200001,-37.65057842199997
Edenhope,Grampians,Evie Networks,-37.03671332,,"12 Anzac Avenue, EDENHOPE VIC 3318","1 x CCS2, 1 x CHAdeMO",141.29654931,1 x 50kW Fast Charger,"Park, Playground, Public Toilets, Nature Conservation Reserve, Shopping, Dining, Supermarket, Accommodation",NO,Evie Networks,https://www.plugshare.com/location/473849,1.0,141.29654931000005,-37.036713317999954
Flinders,Port Phillip,Evie Networks,-38.47447131,31 July 2023,"33 Cook St, Flinders VIC 3929","1 x CCS2, 1 x CHAdeMO",145.0188104,1 x 50 kW Fast Charger,"Park, Playground, Public Toilets, Dining, Shopping, Supermarket, Accommodation",NO,,https://www.plugshare.com/location/531949,1.0,145.01881040000012,-38.474471311999935
Hamilton,Barwon South West,Evie Networks,-37.742503,May 2024,"Hamilton & Grampians Visitor Information Centre, 86 Hamilton Place HAMILTON VIC 3300","1 x CCS2, 1 x CHAdeMO",142.020573,1 x 50kW Fast Charger,"Park, Playground, Shopping, Dining, Visitor Information Centre, Supermarket, Accommodation",NO,Evie Networks,https://www.plugshare.com/location/517591,1.0,142.02062648800006,-37.742567091999945
Hastings,Port Phillip,Evie Networks,-38.30799985,,"34 King Street, HASTINGS VIC 3915","1 x CCS2, 1 x CHAdeMO",145.19192568,1 x 50kW Fast Charger,"Park, Playground, Public Toilets, Reserve, Supermarket, Dining, Foreshore, Accommodation",NO,Evie Networks,https://www.plugshare.com/location/464393,1.0,145.19192568500011,-38.307999852999956
Kaniva,Grampians,Evie Networks,-36.3778351,,"13 Madden Street N, KANIVA VIC 3419","1 x CCS2, 1 x CHAdeMO",141.2383918,1 x 50kW Fast Charger,"Park, Playground, Public Toilets, Dining, Accommodation, Recreation Reserve, Wetlands and Fauna Park",NO,Evie Networks,https://www.plugshare.com/location/472390,1.0,141.23839180000004,-36.37783509999997
Scoresby,Port Phillip,Chargebay Pty Ltd,-37.91258232,November 2024,"38 Dalmore Drive, SCORESBY VIC 3179","2 x Type 2, 2 x CCS2",145.21869896,"2 x 22kW Charger, 1 x 50kW Fast Charger","Park, Playground, Public Toilets, Adventure Park, Dining, Accommodation",NO,Chargebay,https://www.plugshare.com/location/413451,3.0,145.2179638570001,-37.91590311799996
Kyneton,Loddon Mallee,Evie Networks,-37.24900241,30 September 2023,"6 Baynton Street, KYNETON VIC 3444",2 x CCS2,144.45216565,1 x 50kW Fast Charger,"Dining, Shopping, Supermarket, Accommodation",NO,Evie Networks,https://www.plugshare.com/location/533767,1.0,144.4521656510001,-37.24900240599993
Lakes Entrance,Gippsland,Evie Networks,-37.88237508,31/07/2023,"2 Marine Parade, LAKES ENTRANCE VIC 3909","1 x CCS2, 1 x CHAdeMO",147.97339408,1 x 50kW Fast Charger,"Park, Dining, Museum, Supermarket, Shopping, Public Toilets, Accommodation, Recreation Reserve",NO,,https://www.plugshare.com/location/461335,1.0,147.97339408000005,-37.88237507799994
Lancefield,Loddon Mallee,Evie Networks,-37.27748273,31/07/2023,"4 The Crescent, LANCEFIELD VIC 3435","1 x CCS2, 1 x CHAdeMO",144.73502968,1 x 50kW Fast Charger,"Dining, Shopping, Accommodation, Supermarket",NO,Evie Network,https://www.plugshare.com/location/538062,1.0,144.73502968000003,-37.277482728999985
Macedon,Loddon Mallee,Evie Networks,-37.42330258,31/07/2023,"Smith Street Roadside Parking, MACEDON VIC 3440","1 x CCS2, 1 x CHAdeMO",144.56252778,1 x 50kW Fast Charger,"Park, Playground, Public Toilets, Dining, Shopping, Supermarket, Accommodation",NO,,https://www.plugshare.com/location/535986,1.0,144.56252778400005,-37.42330258299995
Maffra,Gippsland,Evie Networks,-37.96724773,31/07/2023,"4 Purdy Lane, MAFFRA VIC 3860","1 x CCS2, 1 x CHAdeMO",146.97484217,1 x 50kW Fast Charger,"Park, Playground, Public Toilets, Recreational Reserve, Museum, Visitor Information Centre, Dining, Shopping, Supermarket",NO,,https://www.plugshare.com/location/482864,1.0,146.9748421700001,-37.967247731999976
Meredith,Grampians,Evie Networks,-37.84428082,,"12 Wallace Street, Meredith VIC 3333","1 x CCS2, 1 x CHAdeMO",144.0767955,1 x 50kW Fast Charger,"Park, Playground, Public Toilets, Shopping, Dining, Supermarket",NO,Evie Networks,https://www.plugshare.com/location/305837,1.0,144.07679550000012,-37.84428081799996
Mildura,Loddon Mallee,Evie Networks,-34.18359286,31/07/2023,"60-76 Pine Avenue, MILDURA VIC 3500",2 x CCS2,142.1584515,1 x 50kW Fast Charger,"Park, Playground, Public Toilets, Dining, Shopping, Supermarket, Accommodation",NO,Evie Networks,https://www.plugshare.com/location/473475,1.0,142.15845150000007,-34.18359285599996
Nagambie,Hume,Evie Networks,-36.78407156,31/07/2023,"332 High Street, NAGAMBIE VIC 3608","1 x CCS2, 1 x CHAdeMO",145.15436424,1 x 50kW Fast Charger,"Park, Playground, Public Toilets, Brewery, Dining, Shopping, Lake, Waterfront Lookout, Accommodation",NO,Evie Networks,https://www.plugshare.com/location/516377,1.0,145.15436424000006,-36.78407156299994
Paynesville,Gippsland,Evie Networks,-37.91912927,31/07/2023,"3 Raymond Street, PAYNESVILLE VIC 3880","1 x CCS2, 1 x CHAdeMO",147.7230338,1 x 50kW Fast Charger,"Park, Playground, Public Toilets, Beach, Reserve, Dining, Supermarket, Accommodation, Shopping",NO,Evie Networks,https://www.plugshare.com/location/479851,1.0,147.723033804,-37.91912927299995
Rosanna,Port Phillip,Banyule City Council,-37.742522,19 May 2023,"Bellevue Parade Car Park, Rosanna, VIC, 3084","1 x CCS2, 1 x CHAdeMO",145.064388,22 kW,"Park, Playground, Cafes, Dining",NO,Banyule City Council,https://www.plugshare.com/location/488465,1.0,145.06438800000012,-37.74252199999995
St Arnaud,Grampians,Evie Networks,-36.61459,February 2024,"9 Walker Street, ST ARNAUD VIC 3477","1 x CCS2, 1 x CHAdeMO",143.25763,1 x 50kW Fast Charger,"Park, Playground, Public Toilets, Public Swimming Pool, Museum, Dining, Shopping, Accommodation",NO,Evie Networks,https://www.plugshare.com/location/619698,1.0,143.25763288400003,-36.61458940999995
Stawell,Grampians,Evie Networks,-37.05688991,January 2024,"24 Sloane Street, STAWELL VIC 3380","1 x CCS2, 1 x CHAdeMO",142.78116253,1 x 50kW Fast Charger,"Park, Playground, Public Toilets, Dining, Shopping, Supermarket, Accommodation",NO,Evie Networks,https://www.plugshare.com/location/577113,1.0,142.78116253000007,-37.056889911999974
Torquay,Barwon South West,Evie Networks,-38.33122194,December 2023,"2 Walker Street, TORQUAY VIC 3228",2 x CCS2,144.3249256,1 x 50kW Fast Charger,"Park, Playground, Public Toilets, Shopping, Dining, Supermarket, Accommodation, Lookout",NO,,https://www.plugshare.com/location/553593,1.0,144.32492560000003,-38.33122193999998
Traralgon,Gippsland,Evie Networks,-38.19566665,31/07/2023,"49 Breed Street, TRARALGON VIC 3844","1 x CCS2, 1 x CHAdeMO",146.53296101,1 x 50kW Fast Charger,"Park, Playground, Public Toilets, Dining, Shopping, Supermarket, Visitor Information Centre, Accommodation",NO,,https://www.plugshare.com/location/500260,1.0,146.53296100900002,-38.195666650999954
Wallan,Hume,Evie Networks,-37.413842,31/07/2023,"65 High Street, WALLAN VIC 3756","1 x CCS2, 1 x CHAdeMO",144.979171,1 x 50kW Fast Charger,"Park, Playground, Public Toilets, Dining, Supermarket, Shopping, Accommodation",NO,Evie Networks,https://www.plugshare.com/location/538399,1.0,144.97917100000006,-37.41384199999993
Wangaratta,Hume,Evie Networks,-36.35499491,,"2-6 Docker Street, WANGARATTA VIC 3677",2 x CCS2,146.32244245,1 x 50kW Fast Charger,"Park, Playground, Public Toilets, Dining, Shopping, Supermarket, Art Gallery, Museum, Accommodation",NO,Evie Networks,https://www.plugshare.com/location/473744,1.0,146.32244244900005,-36.35499491499996
Warracknabeal,Grampians,Evie Networks,-36.25068331,31/07/2023,"18 Woolcock Street, WARRACKNABEAL VIC 3393","1 x CCS2, 1 x CHAdeMO",142.39394073,1 x 50kW Fast Charger,"Dining, Shopping, Leisure Centre, Supermarket, Accommodation",NO,,https://www.plugshare.com/location/532136,1.0,142.39394073000005,-36.25068330899995
Wodonga,Hume,Evie Networks,-36.12168259,30 November 2023,"Acacia Car Park Public Toilet, Lot 2 High Street, WODONGA VIC 3690",2 x CCS2,146.88663124,1 x 50kW Fast Charger,"Parking, Park, Public Toilets, Shopping, Dining, Supermarket, Accommodation",NO,Evie Networks,https://www.plugshare.com/location/574382,1.0,146.88663123700007,-36.12168258699995
Yarrawonga,Hume,Evie Networks,-36.01003228,31/07/2023,"12 Hovell Street, YARRAWONGA VIC 3730","1 x CCS2, 1 x CHAdeMO",146.00323609,1 x 50kW Fast Charger,"Park, Playground, Public Toilets, Shopping, Dining, Supermarket, Accommodation",NO,,https://www.plugshare.com/location/519068,1.0,146.0032360900001,-36.01003227499996
Yarra Junction,Port Phillip,Evie Networks,-37.780951,31 October 2023,"Yarra Junction Reserve East, 1 Park Road, YARRA JUNCTION, VIC 3797","1 x CCS2, 1 x CHAdeMO",145.613107,50 kW,"Walking Trail, Shopping, Cafes, Restaurants, Accommodation, Public Toilets, Recreation Reserve",NO,Evie Networks,https://www.plugshare.com/location/554207,1.0,145.613107,-37.78095099999996
Broadford,Hume,,-37.203,,"113 High Street, BROADFORD VIC 3658","1 x CCS2, 1 x CHAdeMO",145.04897,1 x 25kW Charger,,NO,Mitchell Shire Council,https://www.plugshare.com/location/470791,1.0,145.0489701030001,-37.20299982299997
Hopetoun,Grampians,Evie Networks,-35.726807,30 November 2023,"67 Lascelles St, HOPETOUN VIC 3396","1 x CCS2, 1 x CHAdeMO",142.364256,1 x 50kW Fast Charger,"Supermarket, Public Toilet, Cafes",NO,Evie Networks,https://www.plugshare.com/location/575525,,142.36425341900008,-35.72680823299993
Leongatha,Gippsland,Evie Networks,-38.477628,December 2023,"66 McCartin Street, LEONGATHA VIC 3953",2 x CCS2,145.943608,1 x 50kW Fast Charger,"Supermarkets, Cafes, Playgrounds, Parks",NO,Evie Networks,https://www.plugshare.com/location/577111,,145.94360411900004,-38.47762470499998
Korumburra,Gippsland,Evie Networks,-38.434162,December 2023,"7 Mine Rd, KORUMBURRA VIC 3950",2 x CCS2,145.825097,1 x 50kW Fast Charger,"Supermarket, Cafes, Restaurants,",NO,Evie Networks,https://www.plugshare.com/location/577108,,145.82525932800002,-38.43425065499997
Fish Creek,Gippsland,Evie Networks,-38.693699,November 2023,"2 Foster Road, FISH CREEK VIC 3959","1 x CCS2, 1 x CHAdeMO",146.084281,1 x 50kW Fast Charger,"Public Toilet, Parks, Cafes, Accommodation",NO,Evie Networks,https://www.plugshare.com/location/554224,,146.08427739,-38.693695280999975
Rutherglen,Hume,Evie Networks,36.054549,March 2024,"113 Murray St, RUTHERGLEN VIC 3685","1 x CCS2, 1 x CHAdeMO",146.458643,1 x 50kW Fast Charger,"Public Toilets, Recreation Reserve, Parklands, Swimming Pool, Cafes, Accommodation",NO,Evie Networks,https://www.plugshare.com/location/619703,,146.45875620800007,-36.054448341999944
Apollo Bay,Barwon South West,Evie Networks,-38.758015,January 2024,"14 Pascoe Street, Apollo Bay VIC 3233","1 x CCS2, 1 x CHAdeMO",143.66911,1 x 50kW Fast Charger,"Park, Playground, Public Toilets, Beach, Accommodation, Supermarket, Dining, Shopping",NO,,https://www.plugshare.com/location/585476,,143.66888252400008,-38.75829042999993
Murrayville,Loddon Mallee,,-35.263623,,"3-7 Reed St, Murrayville VIC 3512",1 x CHAdeMO and 1 x CCS2/SAE,141.183094,1 x 50kW Fast Charger,,NO,Evie Networks,https://www.plugshare.com/location/577114,,141.18313979100003,-35.26362985499998
Chiltern,Hume,Evie Networks,-36.149332,April 2024,"3 Crawford St, Chiltern VIC 3683","1 x CCS2, 1 x CHAdeMO",146.610632,1 x 50kW Fast Charger,"Public Toilets, Library, Cafes, Accommodation, Swimming Pool, Recreation Reserve",NO,Evie Networks,https://www.plugshare.com/location/619704,,146.61078629200006,-36.14926867099996
Cranbourne East,Port Phillip,INTELLIHUB AUSTRALIA Pty Ltd,-38.111762,July 2025,"Casey Recreation and Aquatic Centre - 65 Berwick-Cranbourne Rd, Cranbourne East, VIC 3977",1 x Type 2,145.294761,1 x 22kW Charger,"Recreation and Aquatic Centre, Stadium, Skatepark",NO,,,1.0,145.29486149900004,-38.11183133999998
Trentham,Grampians,Chargefox Pty Ltd,-37.389207,31 July 2024,"66 High Street, TRENTHAM VIC 3458",2 x CCS2,144.325248,1 x 50kW Fast Charger,"Park, Playground, Public Toilets, Accommodation, Recreation Reserve, Dining",NO,Chargefox,https://www.plugshare.com/location/634771,1.0,144.32547320900005,-37.388399738999965
Camberwell,Port Phillip,Boroondara City Council,-37.84981,28 February 2024,"238A Warrigal Rd, Camberwell VIC 3146","1 x CCS2, 1 x CHAdeMO",145.095568,1 x 50kW Fast Charger,"Park, Playground, Public Toilets, Accommodation, Shopping, Dining, Supermarket",NO,,https://www.plugshare.com/location/554215,1.0,145.09553696900002,-37.84981485299994
Richmond,Port Phillip,Yarra City Council,-37.825198,December 2024,"Richmond Library - 415 Church St, Richmond VIC 3121",2 x CCS2,144.998666,2 x 75kW Charger,"Park, Public Toilets, Shopping, Dining, Supermarket",NO,Yarra City Council,https://www.plugshare.com/location/723880,2.0,144.99865015700004,-37.825197953999975
Lorne,Barwon South West,Surf Coast Shire Council,-38.53662282,December 2024,"Lorne Visitor Information Centre, 15 Mountjoy Parade, LORNE VIC 3232","1 x CCS2, 1 x CHAdeMO",143.97398396,1 x 50kW Fast Charger,"Visitor Information Centre, Camping, Dining, Shopping, Supermarket, Park, Playground, Public Toilets, Walking Trail, Dog Beach, Sea Baths, Accommodation, Coastal Reserve, Walking Trails",NO,Surf Coast Shire Council,https://www.plugshare.com/location/553604,1.0,143.97398396000006,-38.536622819999934
Cranbourne East,Port Phillip,INTELLIHUB AUSTRALIA Pty Ltd,-38.12339,June 2025,"Melbourne City Football Club - 369 Casey Fields Blvd, Cranbourne East VIC 3977",Type 2,145.310282,2 x 22kW Charger,"Playing fields, Parks, Supermarket",NO,,,2.0,145.31025503700005,-38.123390635999954
The Basin,Port Phillip,Evie Networks,-37.856136,April 2025,"368 Forest Rd, The Basin VIC 3154","2 x CCS2,",145.315238,75 kW,"Shopping, Cafes, Restaurants, Accommodation, Public Toilets, Recreation Reserve, Playground",NO,,https://www.plugshare.com/location/836514,,145.3151753620001,-37.856223634999935
Preston,Port Phillip,INTELLIHUB AUSTRALIA Pty Ltd,-37.746026,May 2025,"Novotel Melbourne Preston - 215 Bell Street, Preston",1 x Type 2,145.008211,1 x 22kW Charger,"Post Office, Playground, Accommodation, Tram stop",NO,,https://www.plugshare.com/location/824055,1.0,145.00817983900004,-37.74606501699998
Melbourne City,Port Phillip,INTELLIHUB AUSTRALIA Pty Ltd,-37.817892,May 2025,"Wilson Parking - Federation Square - Russell St Ext, Melbourne VIC 3000",1 x Type 2,144.971265,1 x 22kW Charger,"Gallery, Playground, Public Bathroom, Cafes, Restaurants",NO,,https://www.plugshare.com/location/901310,2.0,144.9708604210001,-37.81794427899996
Albert Park,Port Phillip,INTELLIHUB AUSTRALIA Pty Ltd,-37.844604,December 2025,"Melbourne Sports and Recreation Centre - 375 Albert Rd, Albert Park VIC 3206",2 x Type 2,144.96197,2 x 22kW Charger,"Parks, Sports and Aquatic Centre, Lakeside Stadium, Golf Course, Cafes, Restaurants",NO,,https://www.plugshare.com/location/1420723,2.0,144.96121898500007,-37.841361493999955
Braeside,Port Phillip,INTELLIHUB AUSTRALIA Pty Ltd,-38.000874,December 2025,"Freccia Azzurra Club - 784-796 Springvale Rd, Braeside VIC 3195",2 x Type 2,145.141363,2 x 22kW Charger,"Playing fields, playground, cultural centres, retail",NO,,https://www.plugshare.com/location/1139732,2.0,145.14158891500006,-38.00038793199997
Grantville,Gippsland,Bass Coast Shire Council,-38.40694709,,"Grantville Transaction Centre, 1504-1510 Bass Highway, GRANTVILLE VIC 3984","1 x CCS2, 1 x CHAdeMO",145.53011609,1 x 60kW Fast Charger,"Park, Playground, Public Toilets, Dining, Supermarket, Foreshore Reserve, Recreation Reserve",NO,Bass Coast Shire Council,https://www.plugshare.com/location/553600,1.0,145.5301160900001,-38.40694708999996
Newhaven,Gippsland,Bass Coast Shire Council,-38.51501587,,"Newhaven Visitor Centre, 895 Phillip Island Road, NEWHAVEN VIC 3925","1 x CCS2, 1 x CHAdeMO",145.3477915,1 x 60kW Fast Charger,"Tourist Information Centre, Park, Playground, Public Toilets, Coastal Reserve, Dining, Accommodation",NO,Bass Coast Shire Council,https://www.plugshare.com/location/553599,1.0,145.34779150000008,-38.51501586999996
Bannockburn,Barwon South West,,-38.047304,,"29 High St, Bannockburn VIC 3331","1 x CCS2, 1 x CHAdeMO",144.170663,1 x 50kW Fast Charger,,NO,Evie Networks,https://www.plugshare.com/location/563933,1.0,144.17065996400004,-38.04734585299997
Lakes Entrance,Gippsland,East Gippsland Shire Council,-37.880482,,"12 Mechanics Street, LAKES ENTRANCE VIC 3909","1 x CCS2, 1 x CHAdeMO",147.985919,1 x 50kW Fast Charger,"Park, Playground, Public Toilets, Aqua Park, Recreation Reserve & Camping Ground, Jetty, Lookout, Off-Leash Dog Park, Dining, Shopping, Accommodation, Supermarket",NO,,https://www.plugshare.com/location/1552729,1.0,147.98592459200006,-37.880534670999964
Yarram,Gippsland,Wellington Shire Council,-38.564517,,"Yarram District Hub, 156 Grant Street, YARRAM VIC 3971","1 x CCS2, 1 x CHAdeMO",146.674722,1 x 50kW Fast Charger,"Park, Public Toilets, Accommodation, Dining, Shopping, Supermarket, Art Gallery",NO,,https://www.plugshare.com/location/425045,1.0,146.67470651500003,-38.56447819999994
Inverloch,Gippsland,Bass Coast Shire Council,-38.634808,March 2026,"Bunurong Environment Centre - 3 Ramsey Boulevard, INVERLOCH VIC 3996","1 x CCS2, 1 x CHAdeMO",145.728857,1 x 60kW Fast Charger,"Park, Playground, Public Toilets, Dining, Shopping, Accommodation, Dog Beach, Camping",NO,,https://www.plugshare.com/location/554222,1.0,145.72887189200003,-38.63477018699996
Wonthaggi,Gippsland,Bass Coast Shire Council,-38.60364272,February 2026,"Wonthaggi Arts Space, 1 Bent Street, WONTHAGGI VIC 3995","1 x CCS2, 1 x CHAdeMO",145.59365446,1 x 60kW Fast Charger,"Park, Playground, Public Toilets, Dining, Shopping, Bushland Reserve, Walking Trails, Recreation Reserve, Aquatic and Leisure Centre, Accommodation",NO,Bass Coast Shire Council,https://www.plugshare.com/location/651479,1.0,145.59365446000004,-38.60364271999998
RACV Torquay Resort,Barwon South West,,-38.34038,,"1 Great Ocean Road, Jan Juc, VIC 3228",CCS2,144.310827,2 x 175kW ultra-rapid Charger; 2 x 50kW Fast Charger;,,NO,Chargefox,https://www.plugshare.com/location/72031,4.0,144.3108439550001,-38.340372000999935
Moorabbin Homemaker Centre,Port Phillip,Intellihub Australia,-37.939276,October 2026,"970 Nepean Hwy, Moorabbin VIC 3198",CCS2,145.037624,2 x 60kW,"Shopping Centre, Playground, Sports Field",YES,,,4.0,145.037616887,-37.93926315999994
Eastwood Village Shopping Centre,Gippsland,Intellihub Australia,-37.811845,November 2026,"30 Howitt Avenue, Eastwood, VIC 3875",CCS2,147.63119,2 x 60kW,"Shopping Centre, Supermarket, Playground, Park",YES,,,4.0,147.63119398100002,-37.811855666999975
Sunshine Marketplace,Port Phillip,Intellihub Australia,-37.781743,November 2026,"80 Harvester Rd, Sunshine VIC 3020",CCS2,144.830859,2 x 60kW,"Shopping Centre, Supermarket, Cinema, Gym, Swimming Pool, Train station",YES,,,4.0,144.83093321,-37.78175458199996
Yackandandah Sports Park,Hume,Totally Renewable Yackandandah,-36.317291,June 2026,"Yackandandah Sports Park Complex, Yackandandah VIC 3749",Type 2,146.836298,1 x 7kW,"Sports field, Tennis courts, Scout Hall",YES,,,1.0,146.836417535,-36.31734679799996
